Gene	Drug	ConceptID	IScore	InteractionTypes	Directions	Sources	PMIDs
PLIN1	CARBETAPENTANE CITRATE	rxcui:283547	0.9667370103497321			DTC	
PLIN1	SUFENTANIL CITRATE	rxcui:58964	1.450105515524598			DTC	
PLIN1	CITRIC ACID	rxcui:21183	1.160084412419678			DTC	
PLIN1	CHEMBL:CHEMBL585591	chembl:CHEMBL585591	0.241684252587433			DTC	
PLIN1	THIETHYLPERAZINE MALATE	ncit:C66598	0.725052757762299			DTC	
PLIN1	CHEMBL:CHEMBL482792	chembl:CHEMBL482792	2.900211031049196			DTC	
PLIN1	ALVERINE CITRATE	rxcui:71767	1.160084412419678			DTC	
PLIN1	TOREMIFENE	rxcui:38409	0.4461863124691071			DTC	
PLIN1	CHLORHEXIDINE GLUCONATE	rxcui:20791	0.3052853716893891			DTC	
APOE	TRIAMCINOLONE	rxcui:10759	0.07826656455605027			NCI	9150415
APOE	AZ7188	iuphar.ligand:9586	0.9000654923945781	inhibitor	INHIBITORY	GuideToPharmacology	
APOE	PRAVASTATIN SODIUM	rxcui:203144	0.1333430359103078			PharmGKB	19667110,20031551,17289397
APOE	LUTEIN	rxcui:11359	0.9000654923945781			NCI	11413081
APOE	TRETINOIN	rxcui:10753	0.01978165917350721			NCI	3468509
APOE	LECANEMAB	rxcui:2626143	0.450032746197289			PharmGKB	
APOE	PHYTOSTEROL	ncit:C28178	0.9000654923945781			NCI	16677856
APOE	BUTHIONINE SULFOXIMINE	ncit:C1029	0.1800130984789156			NCI	12615656
APOE	P2PAL18S	iuphar.ligand:6659	0.9000654923945781	inhibitor	INHIBITORY	GuideToPharmacology	
APOE	THERAPEUTIC CORTICOSTEROID	ncit:C211	0.04286026154259895			NCI	1903065
APOE	VITAMIN E	rxcui:11256	0.1125081865493222			NCI	12076219
APOE	AZ2429	iuphar.ligand:12490	0.9000654923945781	agonist	ACTIVATING	GuideToPharmacology	
APOE	GB88	iuphar.ligand:6658	0.9000654923945781	inhibitor	INHIBITORY	GuideToPharmacology	
APOE	IRBESARTAN	rxcui:83818	0.2250163730986445			NCI	12827021
APOE	SLIGKV-NH2	iuphar.ligand:3740	0.9000654923945781	agonist	ACTIVATING	GuideToPharmacology	
APOE	STAUROSPORINE	ncit:C1237	0.06429039231389844			NCI	11948667
APOE	TROGLITAZONE	rxcui:72610	0.06923580710727524			NCI	15057551
APOE	AEM-28	drugbank:DB17642	0.9000654923945781			TTD	
APOE	TRANS-CINNAMOYL-LIGRLO [N-[3H]PROPIONYL]-NH2	iuphar.ligand:3914	0.9000654923945781	agonist	ACTIVATING	GuideToPharmacology	
APOE	ACE INHIBITOR	ncit:C247	0.3857423538833907			NCI	12105166,15585195
APOE	I-191	iuphar.ligand:10268	0.9000654923945781	inhibitor	INHIBITORY	GuideToPharmacology	
APOE	AZ3451	iuphar.ligand:9560	0.9000654923945781	modulator		GuideToPharmacology	
APOE	CN-105	drugbank:DB18345	0.9000654923945781			TTD	
APOE	RECOMBINANT CYTOKINE	ncit:C1283	0.1038537106609128			NCI	10686578,9617572
APOE	2-FUROYL-LIGRL[N[3H]PROPIONYL]-O-NH2	iuphar.ligand:4049	0.9000654923945781	agonist	ACTIVATING	GuideToPharmacology	
APOE	FENOFIBRATE MICRONIZED	rxcui:221100	0.06923580710727524			PharmGKB	12042669
APOE	DONEPEZIL	rxcui:135447	0.3375245596479668			PharmGKB	24951635,27567841
APOE	AC-98170	iuphar.ligand:9457	0.9000654923945781	agonist	ACTIVATING	GuideToPharmacology	
APOE	HUMAN CHORIONIC GONADOTROPIN	rxcui:340705	0.09474373604153453			NCI	1709885
APOE	GALANTAMINE	rxcui:4637	0.2250163730986445			PharmGKB	24951635
APOE	NICOTINE POLACRILEX	rxcui:31765	0.03913328227802513			PharmGKB	23247396
APOE	I-287	iuphar.ligand:12491	0.9000654923945781	modulator		GuideToPharmacology	
APOE	ANTIDEPRESSANT AGENT	ncit:C265	0.03461790355363762			NCI	14512205
APOE	ISOX-CHA-CHG-ALA-ARG-DPR(4FB)-NH2	iuphar.ligand:12492	0.9000654923945781	agonist	ACTIVATING	GuideToPharmacology	
APOE	GANCICLOVIR	rxcui:4678	0.2250163730986445			NCI	16322528
APOE	C391	iuphar.ligand:9570	0.9000654923945781	inhibitor	INHIBITORY	GuideToPharmacology	
APOE	IMMUNOSUPPRESSANT	ncit:C574	0.1000072769327309			NCI	12752312
APOE	AZ8838	iuphar.ligand:9585	0.9000654923945781	inhibitor	INHIBITORY	GuideToPharmacology	
APOE	2-FUROYL-LIGRL[N-(ALEXA FLUOR 594)-O]-NH2	iuphar.ligand:4050	0.9000654923945781	agonist	ACTIVATING	GuideToPharmacology	
APOE	ISOX-CHA-CHG-ARK(SULFO-CY5)-NH2	iuphar.ligand:12493	0.9000654923945781	agonist	ACTIVATING	GuideToPharmacology	
APOE	AY77	iuphar.ligand:9455	0.9000654923945781	agonist	ACTIVATING	GuideToPharmacology	
APOE	AC-55541	iuphar.ligand:9456	0.450032746197289	agonist	ACTIVATING	GuideToPharmacology	
APOE	AC264613	iuphar.ligand:9460	0.450032746197289	agonist	ACTIVATING	GuideToPharmacology	
APOE	[3H]2-FUROYL-LIGRL-NH2	iuphar.ligand:6660	0.9000654923945781	agonist	ACTIVATING	GuideToPharmacology	
APOE	2-FUROYL-LIGRLO-AMIDE	iuphar.ligand:3851	0.9000654923945781	agonist	ACTIVATING	GuideToPharmacology	
APOE	GB110	iuphar.ligand:6657	0.9000654923945781	agonist	ACTIVATING	GuideToPharmacology	
APOE	BUPROPION HYDROCHLORIDE	rxcui:203204	0.1058900579287738			PharmGKB	23247396
APOE	RIVASTIGMINE	rxcui:183379	0.2571615692555937			PharmGKB	24951635
APOE	NORETHINDRONE ACETATE	rxcui:31983	0.3000218307981927			NCI	12398019
APOE	PREDNISONE	rxcui:8640	0.04000291077309236			NCI	3185288
APOE	SLIGRL-NH2	iuphar.ligand:3741	0.9000654923945781	agonist	ACTIVATING	GuideToPharmacology	
APOE	GINKGO BILOBA EXTRACT	rxcui:236809	0.3600261969578312			NCI	12684092
APOE	SOYBEAN SEED OIL	rxcui:1309980	0.3600261969578312			NCI	3021887
APOE	BENZO(A)PYRENE-7,8-DIOL 9,10-EPOXIDE	ncit:C196	0.450032746197289			NCI	14753754
APOE	FLUVASTATIN	rxcui:41127	0.2700196477183734			PharmGKB	30363031,17289397
APOE	SOY PROTEIN ISOLATE	ncit:C1803	0.3000218307981927			NCI	1902348
APOE	RITONAVIR	rxcui:85762	0.1000072769327309			PharmGKB	17700364,15809899
APOE	LORAZEPAM	rxcui:6470	0.07200523939156624			NCI	15699298
BCL2	OXALIPLATIN	rxcui:32592	0.05026039655861894			NCI,ClearityFoundationBiomarkers	14977850
BCL2	POLATUZUMAB VEDOTIN	rxcui:2174090	0.03350693103907929			PharmGKB	
BCL2	METHYLPREDNISOLONE	rxcui:6902	0.106105281623751			NCI	16684279,16141680
BCL2	TESETAXEL	ncit:C37451	0.3183158448712532			TdgClinicalTrial	
BCL2	MILATAXEL	ncit:C77880	0.0374489229260298			TdgClinicalTrial	
BCL2	NAVITOCLAX	ncit:C64776	0.1989474030445333	inhibitor	INHIBITORY	TTD,DTC,TALC,ChEMBL	24749893
BCL2	PACLITAXEL	rxcui:56946	0.02315024326336387	inhibitor	INHIBITORY	ClearityFoundationClinicalTrial,TEND,TTD,TdgClinicalTrial	
BCL2	OBATOCLAX	ncit:C60770	0.2387368836534399	inhibitor	INHIBITORY	TTD,TdgClinicalTrial,TALC	
BCL2	EPIDERMAL GROWTH FACTOR RECEPTOR TYROSINE KINASE INHIBITOR	ncit:C2167	0.1414737088316681			NCI	12576461
BCL2	RECOMBINANT TRANSFORMING GROWTH FACTOR-BETA 1	ncit:C1293	0.06063158949928633			NCI	8900367
BCL2	RECOMBINANT INTERFERON	ncit:C584	0.06529555792230836			NCI,PharmGKB	11391574,21159314
BCL2	DOLASTATIN 10	ncit:C1300	1.273263379485013			NCI	9615758
BCL2	OBLIMERSEN	ncit:C1870	1.909895069227519	inhibitor	INHIBITORY	TTD,TdgClinicalTrial,TALC	
BCL2	FLOXURIDINE	rxcui:4488	0.09094738424892951			NCI	8324744
BCL2	VENETOCLAX	rxcui:1747556	0.1157512163168193	inhibitor	INHIBITORY	CGI,TTD,CIViC,ChEMBL	
BCL2	ANTI-CD19 CAR T CELLS AT101	ncit:C187300	0.4244211264950043	inhibitor	INHIBITORY	TdgClinicalTrial,TALC	
BCL2	HYPERBARIC OXYGEN	ncit:C2351	0.3819790138455038			NCI	16001273,11236678
BCL2	EPIRUBICIN	rxcui:3995	0.03536842720791702			NCI	14503796
BCL2	PREGNANT MARE SERUM GONADOTROPIN	ncit:C29773	0.1157512163168193			NCI	7588311
BCL2	ETOPOSIDE	rxcui:4179	0.03292922533150895			NCI	14977850,11350408
BCL2	BORTEZOMIB	rxcui:358258	0.007489784585205959			CGI	
BCL2	CARBOPLATIN	rxcui:40048	0.007402694066773332			ClearityFoundationBiomarkers	
BCL2	DITIOCARB	ncit:C432	0.3183158448712532			NCI	9726816
BCL2	ANG1005	drugbank:DB18167	0.0374489229260298			TdgClinicalTrial	
BCL2	ERYTHROMYCIN	rxcui:4053	0.05535927736891361			NCI	17007374
BCL2	AI-850	drugbank:DB05842	0.3183158448712532			TTD	
BCL2	ORTATAXEL	ncit:C1867	0.2122105632475021			TdgClinicalTrial	
BCL2	AMINOLEVULINIC ACID	ncit:C234	1.273263379485013			NCI	9868803
BCL2	HEME	iuphar.ligand:4349	0.3183158448712532	agonist	ACTIVATING	GuideToPharmacology	
BCL2	PROTUBOXEPIN A	chembl:CHEMBL1802135	0.6366316897425065			DTC	22595423
BCL2	RIBAVIRIN	rxcui:9344	0.08376732759769821			NCI,PharmGKB	16190549,15902734,21159314
BCL2	ALPHA-TOCOPHEROL	ncit:C74960	0.1157512163168193			NCI	15158075
BCL2	PENTOXIFYLLINE	rxcui:8013	0.0363789536995718			NCI	11836847
BCL2	HYDROQUINONE	rxcui:5509	0.0748978458520596			NCI	10220568
BCL2	C5A	iuphar.ligand:3576	0.181894768497859			NCI	16634840
BCL2	CILENGITIDE	ncit:C1834	0.2546526758970026			NCI	12154028
BCL2	ORAL CONTRACEPTIVE	ncit:C389	0.1157512163168193			NCI	15763593
BCL2	TENIPOSIDE	rxcui:10362	0.1414737088316681			NCI	9842975
BCL2	DIETHYLSTILBESTROL	rxcui:3390	0.03858373877227312			NCI	15545218
BCL2	SAPONIN	ncit:C823	0.2546526758970026			NCI	11090099
BCL2	SR9011	iuphar.ligand:8900	0.1273263379485013	agonist	ACTIVATING	GuideToPharmacology	
BCL2	MASOPROCOL	rxcui:227239	0.02709071020180879			NCI	10203695
BCL2	CISPLATIN	rxcui:2555	0.01732331128551038			NCI,ClearityFoundationBiomarkers	12543810,11350408
BCL2	BEAUVERICIN	ncit:C1011	1.273263379485013			NCI	16297711
BCL2	TRETINOIN	rxcui:10753	0.01399190526906607			NCI	9402847
BCL2	MUC-1 ANTIGEN	ncit:C2407	1.273263379485013			NCI	11903603
BCL2	HYPOXANTHINE	ncit:C29105	0.4244211264950043			NCI	16611376
BCL2	NONSTEROIDAL ANTIINFLAMMATORY DRUG	ncit:C257	0.0748978458520596			NCI	11813903
BCL2	MICELLAR PACLITAXEL	ncit:C29256	1.273263379485013			NCI	10620631
BCL2	PROTEASE INHIBITOR	ncit:C783	0.06366316897425064			NCI	8702992
BCL2	GAMMA-INTERFERON	rxcui:1421648	0.1414737088316681			NCI	8572591
BCL2	SELENIUM	rxcui:9641	0.1123467687780893			NCI	12168721,15485790
BCL2	MITOXANTRONE	rxcui:7005	0.02893780407920484			NCI	11751483
BCL2	APRINOCARSEN	rxcui:2634355	0.9549475346137598			NCI	11906253,11723237
BCL2	APG-2575	chembl:CHEMBL4650374	0.3183158448712532	inhibitor	INHIBITORY	ChEMBL	
BCL2	ESTRAMUSTINE	rxcui:4089	0.1157512163168193			NCI	15869997
BCL2	DOCETAXEL ANHYDROUS	rxcui:1299922	0.007670261322198874			TdgClinicalTrial	
BCL2	MULTIDRUG RESISTANCE MODULATOR	ncit:C1744	0.6366316897425065			NCI	15503311
BCL2	PELCITOCLAX	ncit:C148488	0.3183158448712532			TTD	
BCL2	ISOTRETINOIN	rxcui:6064	0.1193684418267199			NCI	10621853,10638174
BCL2	LYSOZYME	ncit:C1925	0.4244211264950043			NCI	9492007
BCL2	EDARAVONE	rxcui:1921877	0.1273263379485013			TTD	
BCL2	SR8278	iuphar.ligand:2904	0.6366316897425065	inhibitor	INHIBITORY	GuideToPharmacology	
BCL2	FOSBRETABULIN DISODIUM	ncit:C2503	0.0748978458520596			NCI	12171907
BCL2	GSK4112	iuphar.ligand:2903	0.2122105632475021	agonist	ACTIVATING	GuideToPharmacology	
BCL2	VALPROIC ACID	rxcui:11118	0.02233795402605286			NCI	9098922
BCL2	TRAIL	iuphar.ligand:5065	0.1273263379485013			NCI	12730676,14977850
BCL2	VINCRISTINE	rxcui:11202	0.00785965049064823			PharmGKB	
BCL2	CAELYX	wikidata:Q29004943	0.3183158448712532			NCI	10914739
BCL2	FAS LIGAND	iuphar.ligand:5078	0.106105281623751			NCI	10432288
BCL2	OBATOCLAX MESYLATE	ncit:C62771	0.106105281623751	inhibitor	INHIBITORY	ChEMBL	
BCL2	RECOMBINANT INTERLEUKIN	ncit:C593	0.181894768497859			NCI	2538824
BCL2	GOSSYPOL	ncit:C529	0.01326316020296888			TTD	
BCL2	RALTITREXED	ncit:C1804	0.6366316897425065			NCI	10785598
BCL2	STREPTOZOCIN	rxcui:10114	0.0276796386844568			NCI	16741044
BCL2	SR9009	iuphar.ligand:8901	0.2122105632475021	agonist	ACTIVATING	GuideToPharmacology	
BCL2	4-PHENYLBUTYRIC ACID	rxcui:1546447	0.06366316897425064			NCI	10696460
BCL2	TAZAROTENE	rxcui:83947	0.1157512163168193			NCI	16109552
BCL2	BCL-2 INHIBITOR BCL201	ncit:C125603	0.3183158448712532			TTD	
BCL2	ENDOTHELIN RECEPTOR ANTAGONIST	ncit:C28313	0.4244211264950043			NCI	16741044
BCL2	URSODIOL	rxcui:11065	0.07957896121781331			NCI	9141420
BCL2	DOXORUBICIN HYDROCHLORIDE	rxcui:142433	0.008603130942466305			NCI	16749867
ADIPOQ	NEVIRAPINE	rxcui:53654	1.186449967247398			NCI	15305892
ADIPOQ	FENOFIBRATE MICRONIZED	rxcui:221100	1.003919203055491			NCI	17194889
ADIPOQ	INSULIN, REGULAR, HUMAN	rxcui:253182	0.4924886656498635			NCI	16567542
ADIPOQ	SPIRONOLACTONE	rxcui:9997	1.631368704965172			NCI	17142138
