logFC	AveExpr	t	P.Value	adj.P.Val	B	Gene	regulation
7.30596393766366	8.96578887567219	61.7570147546071	1.62998063277879e-137	3.29060490145382e-133	303.06579115376	S100A7A	Up
6.65833715003529	10.5015508553663	58.9278594765365	1.96620720658272e-133	1.9846895543246e-129	293.856666688236	PI3	Up
5.47331089056067	9.19819918986951	57.7683451370894	1.03946676742553e-131	6.99491836692887e-128	289.962829500991	AKR1B10	Up
8.77200465615713	9.3860512880845	53.8386831603927	1.23490422912815e-125	6.23256164440979e-122	276.210617358191	SERPINB4	Up
4.98968235007725	9.54810448602553	53.272084208165	9.97950467257248e-125	4.02932480659787e-121	274.15312093636	C10orf99	Up
5.89344999222175	11.5475150812512	50.0403482503359	2.18345178187824e-119	7.34658742875966e-116	262.030637821751	S100A9	Up
4.86164889744723	9.60446077350704	48.932742461929	1.72485134346549e-117	4.97447127455448e-114	257.716972891535	IL36G	Up
5.90255228023102	7.80941567632138	47.6535870748078	2.97558000824283e-115	7.50887615080078e-112	252.628517562078	S100A12	Up
4.47488698993784	8.55178065406303	46.6884801479871	1.56486320476288e-113	3.51016204197256e-110	248.711096558969	KYNU	Up
3.89632310189644	8.58183744972612	46.5420292255576	2.8719511794628e-113	5.7978950410995e-110	248.110621860053	HPSE	Up
5.96607772726584	7.47312171579923	46.0883837478755	1.90268007853514e-112	3.49193685686068e-109	246.240364448137	SPRR2C	Up
5.25352988516159	11.2905762916468	44.0774771260149	1.00203658324402e-108	1.68575954521085e-105	237.758702184094	SERPINB3	Up
4.58474987615071	11.2654059076865	42.1620206842417	4.73117719564729e-105	7.34715424813289e-102	229.376228352679	LCE3D	Up
6.15935722036297	8.76205183345929	40.4406508156549	1.23250524514971e-101	1.77727256350588e-98	221.575690105265	TCN1	Up
1.86254333471903	10.6724194039693	37.7884014607634	3.79526848850844e-96	5.10792534973389e-93	209.02865017473	PLBD1	Up
4.07798824914639	7.25820616668928	36.9355864618776	2.54266177596601e-94	3.20820349582512e-91	204.850829408736	GDA	Up
2.47664282413646	9.64391078255379	35.1947953464972	1.69897376861184e-90	2.01758132004328e-87	196.094916082255	TGM1	Up
4.00440884261924	11.334634516155	34.7447427631559	1.74176684890987e-89	1.95348828587736e-86	193.779949557799	KRT16	Up
2.18082142939838	8.08938388987414	34.5107346259997	5.8912854689107e-89	6.25964584454575e-86	192.567750545758	ARNTL2	Up
2.58192309339941	7.05208643119498	34.4962477795491	6.3541176695817e-89	6.41384637567576e-86	192.492513662266	RGS20	Up
1.99943221218011	9.61006950764624	34.4868032771541	6.67534042770434e-89	6.41722726449977e-86	192.443451870273	TMEM45B	Up
2.3212303029324	7.65611385685978	34.3907376115507	1.10296956785131e-88	1.01212498344464e-85	191.943870570906	TTC39A	Up
3.78364909925965	8.27223672810638	33.9601820413849	1.0598913324243e-87	9.30308096477465e-85	189.692561519509	CHI3L2	Up
1.31154131435966	10.2835408600078	33.6082134010037	6.83931549703789e-87	5.75300421892504e-84	187.837182669217	TPBG	Up
2.72080474080871	11.8004221423704	33.4033658561123	2.0369240793669e-86	1.64485693257036e-83	186.751080202311	GJB2	Up
2.42179809197642	11.4969596236236	33.2324861044499	5.0800125677443e-86	3.94443437375469e-83	185.84152724735	CNFN	Up
3.04373200894732	10.121433876945	32.6529026617691	1.1545351726946e-84	8.63250224679945e-82	182.732303563922	SPRR3	Up
4.12395344169347	9.3987113253726	32.2312033876175	1.14709927795145e-83	8.27058579402994e-81	180.446296765956	LCN2	Up
3.82741279950137	6.40906796072277	32.1590824895708	1.70220859557722e-83	1.18497196991424e-80	180.053310847151	ADAMDEC1	Up
1.57923067277366	11.5802556616024	32.1493269512779	1.79563712194339e-83	1.20834407392644e-80	180.000107478315	GM2A	Up
2.23820344758165	10.4092743707042	32.0346777138432	3.3673446997198e-83	2.19290176767559e-80	179.374034959039	PDZK1IP1	Up
2.18738997628233	8.55252434049443	32.0209939679106	3.63013086540555e-83	2.29015880971273e-80	179.29921080822	GDPD3	Up
2.49185224974536	8.04063736591446	31.4782233342864	7.27507770891165e-82	4.45058390265177e-79	176.313916579896	CCNB1	Up
2.88019875460844	10.9503731308427	31.0670507500649	7.20850424613993e-81	4.28015540356097e-78	174.029695577628	IFI27	Up
3.71903161745382	8.03978477162821	30.9847923344281	1.14319899882502e-80	6.59397182522273e-78	173.570347460379	TMPRSS11D	Up
1.8811162088896	7.73497918242558	30.7805042175137	3.6056413065959e-80	2.02196351937661e-77	172.426122171941	MELK	Up
3.79129976034151	9.23106558189775	30.7366119916631	4.61785404531409e-80	2.51960101261624e-77	172.179638856775	RHCG	Up
1.5176107331299	8.50695590730579	30.5963211701179	1.01989926494521e-79	5.41834904229311e-77	171.390289239313	NOD2	Up
3.32292367299656	8.39261780523316	30.5246525561287	1.53016308774783e-79	7.92075190139827e-77	170.986145470695	KLK13	Up
1.28078857334031	10.4153775707965	30.4902263924989	1.85977005998145e-79	9.38625949272637e-77	170.791797745272	KPNA2	Up
1.6539436586771	8.94281226838683	30.1160118122535	1.56419512781157e-78	7.70194420494145e-76	168.670132177609	ADAP2	Up
2.09849279261398	8.5771380955858	30.0297768606754	2.56111242082588e-78	1.23104137027697e-75	168.178840755568	CLEC7A	Up
2.03529841170853	8.01315598601443	29.6306443724453	2.53830151098364e-77	1.19170304427297e-74	165.8933035984	SLC5A1	Up
1.87704598317054	9.07602669938259	29.5262224363463	4.63991142303818e-77	2.12887572291579e-74	165.292187404722	PARP9	Up
1.32771854472498	10.2489644590002	29.4987752682145	5.43827590161729e-77	2.43973142004111e-74	165.133965923437	MPHOSPH6	Up
1.7227804799811	7.66993836670104	29.4317781371545	8.01554365802233e-77	3.51777816017728e-74	164.747372254885	BIRC5	Up
2.53970159915163	9.82045726458862	29.313601921608	1.59099980402237e-76	6.833851924171e-74	164.064132977591	IL36RN	Up
-2.99686892242342	9.91652308528895	-29.1270771948418	4.71075457998062e-76	1.98126486376351e-73	162.982280700081	KRT77	Down
1.9177701744431	9.69972589684767	29.0896527647048	5.85997554467926e-76	2.41430992440785e-73	162.764706793454	CARHSP1	Up
2.06996322072247	7.11316884954536	29.0459002272659	7.56527750956864e-76	3.05455644726343e-73	162.510126596134	SH3PXD2A-AS1	Up
1.28825820593981	10.9192882248531	28.8880933096629	1.90440475201879e-75	7.53845551642261e-73	161.589962132541	TXNDC17	Up
2.51242253101643	10.7745497223244	28.8535766492832	2.33146541160126e-75	9.05146610180889e-73	161.388291073936	SERPINB13	Up
2.15320629382518	7.58783556625515	28.7404323614677	4.53004446315595e-75	1.72551957777721e-72	160.726197252917	SLC7A11	Up
1.29290325637865	9.78133829943792	28.5588497143271	1.31971090999252e-74	4.93376367609796e-72	159.660332454949	UBE2F	Up
1.50372212247643	13.0329323849379	28.5259478964927	1.60253633366562e-74	5.88218245528028e-72	159.466769315399	FABP5	Up
1.76432086721691	6.57692074193607	28.4877518416834	2.00806725674303e-74	7.23908246055864e-72	159.241892631896	POLR3G	Up
1.12185336863523	11.1474441434802	28.319866217238	5.42389052395859e-74	1.92100880522238e-71	158.251343645018	SLC7A1	Up
2.79535796938869	6.41850828150049	28.0080663164419	3.46526126525045e-73	1.20614990384269e-70	156.402431045911	PRSS27	Up
2.29873021661597	12.549150062766	27.9828202324588	4.02881311172058e-73	1.37853693388839e-70	156.252199159314	SPRR1B	Up
4.08836208906765	12.0960106041314	27.8325740085764	9.89325902159203e-73	3.328751885465e-70	155.356490347043	S100A7	Up
1.34524035343142	9.89478971091709	27.7857275328127	1.30990005853929e-72	4.33512498062151e-70	155.076635742597	MICALL1	Up
2.48582945182412	8.6838474131409	27.6357801033611	3.22259387946904e-72	1.04931814901163e-69	154.179031214473	TYMP	Up
1.57257185512583	9.77979504546895	27.6258827845325	3.42021895908271e-72	1.09034111769693e-69	154.119685935412	PTTG1	Up
3.53442669029146	7.07330709225695	27.5683331554955	4.8356804498829e-72	1.50188795264978e-69	153.77437051117	IGFL1	Up
1.2440188608692	9.73504382594224	27.5042629339305	7.11396776484805e-72	2.17601183692049e-69	153.38944285539	NMI	Up
1.26828067294246	7.35914458842744	27.5010433410181	7.25341476719769e-72	2.18555130328637e-69	153.370086316394	GINS3	Up
2.40913532252753	7.89570343187122	27.3043788031023	2.3799801377832e-71	7.06574103258341e-69	152.185258822826	FCHSD1	Up
1.76137285376758	10.1799345172343	27.2777561706516	2.79633325645964e-71	8.18150373643582e-69	152.024495590087	PRSS3	Up
2.13148829347708	9.33424199529993	26.9810800571836	1.69595487671774e-70	4.89113386445397e-68	150.226971893081	PCLAF	Up
2.18871800815902	8.69064043287747	26.9705040102357	1.80887529791262e-70	5.14332035412113e-68	150.162688826131	WNT5A	Up
2.0094443948285	7.07405506687459	26.9610761435112	1.91588255379532e-70	5.37192180500276e-68	150.10537274052	CXCR2	Up
1.53409122790376	8.67592326066618	26.9262750782505	2.36889752059119e-70	6.5511374172185e-68	149.893705182812	TRIM14	Up
1.77588426831501	9.99205977404452	26.8943276384329	2.87887630235926e-70	7.8538857827066e-68	149.699259836343	GGH	Up
2.32511944037889	8.8283325667833	26.8723011497891	3.29333896943862e-70	8.86479028200357e-68	149.565122693865	RRM2	Up
1.59291715343018	9.40590067184838	26.709283658736	8.92832852204064e-70	2.37164600267048e-67	148.570477499702	FAM43A	Up
1.79490805552143	7.92163179983149	26.6048130735118	1.69474383686039e-69	4.44331020500487e-67	147.931292822932	ZDHHC21	Up
1.16089651079706	7.99372698979796	26.5709216033289	2.08701765299253e-69	5.40162979212988e-67	147.7236380859	PRSS3P2	Up
1.48246884078764	10.7984048350423	26.4817447729095	3.61199436037868e-69	9.23024584143353e-67	147.176554427125	STAT1	Up
2.1811370321776	7.39910668374701	26.4393435634747	4.6899307077405e-69	1.18350401409831e-66	146.916078396155	ARSF	Up
1.85579887389963	7.39547694628152	26.4320751201123	4.90477020777672e-69	1.22243828339008e-66	146.871404616525	MKI67	Up
1.11027484819645	8.05550764786165	26.4270193881532	5.06000340668201e-69	1.24574815578166e-66	146.840326811137	KCNK6	Up
1.78088992389084	8.17590620701563	26.3536823298203	7.95427790703122e-69	1.93471039020658e-66	146.389157404732	CCNB2	Up
1.39573837102006	12.1066968720279	26.3365538583391	8.8414891692449e-69	2.12490456367519e-66	146.283685147271	CD24	Up
3.15854455053968	8.79390124829188	26.3178812596649	9.92220895150932e-69	2.35658299191847e-66	146.168662328743	SLC6A14	Up
1.77066960905458	9.22945504693067	26.2241420118683	1.77141036047178e-68	4.15828283223306e-66	145.590564111871	CYSRT1	Up
-1.74994150813417	6.60774240440607	-26.2091373939989	1.94381248423532e-68	4.51053867031525e-66	145.497926090961	MACROD2	Down
2.02807727579474	6.79313057815866	26.2020821145044	2.03060056428196e-68	4.65838229451411e-66	145.454357177652	DLGAP5	Up
2.05449568152137	8.54144560619317	26.1800160909736	2.32794556534129e-68	5.28051292956292e-66	145.318050804536	OAS3	Up
1.22831851384076	10.1526444255529	26.1404557799576	2.97467719121731e-68	6.59920693805439e-66	145.073524316909	MREG	Up
1.111412592633	8.41434243020574	26.0898108803823	4.0725167175798e-68	8.93651820592402e-66	144.760193612283	RABIF	Up
3.17580954354416	8.12170655497775	26.0387545383679	5.59159601970796e-68	1.21379720909531e-65	144.44398859961	ATP12A	Up
1.80569144063689	11.9731176835909	25.9097211140134	1.24769078845514e-67	2.67961506780132e-65	143.64337952791	GJB6	Up
1.08767468949396	10.9245028011665	25.856891032679	1.73414121370542e-67	3.68514134971421e-65	143.31497776709	CD47	Up
3.20517871293798	7.3052201585244	25.8266588203544	2.09397946820018e-67	4.40346432333597e-65	143.126889446155	OAS2	Up
-3.23328673529213	6.00831185913193	-25.7678911588074	3.02200548105357e-67	6.28950996407314e-65	142.760937528085	BTC	Down
2.52884196659511	7.04519255944524	25.6831621696358	5.13254719203858e-67	1.05730472155995e-64	142.232550887846	CD274	Up
1.83820448013436	7.67181568233177	25.6771484999118	5.32935764230889e-67	1.086758303868e-64	142.195013849434	CDC20	Up
2.17739682550078	9.10659642425037	25.6599290236866	5.93579722645405e-67	1.19831874407654e-64	142.087505326277	LAMP3	Up
2.40404299092401	7.51864885912696	25.6511646250259	6.27058063211641e-67	1.25337110694224e-64	142.032771006752	SAMD9	Up
1.85796035852688	9.98866488184037	25.6113244743143	8.04782112784834e-67	1.59283738165688e-64	141.783843467009	MPZL2	Up
1.34821531711287	10.4472115055429	25.4828187919805	1.80228018154622e-66	3.53246915583059e-64	140.979547102271	NT5C3A	Up
2.43489569834418	7.59737409605808	25.3523361406493	4.09521714974466e-66	7.87373750657572e-64	140.160732614055	EPSTI1	Up
3.63010971324577	12.7204472683639	25.2461392563975	7.99971820649707e-66	1.52356897313927e-63	139.492722630033	S100A8	Up
1.3819825367386	8.2168021070193	25.1964716541774	1.09468881181007e-65	2.0653810965254e-63	139.179807242227	UBE2C	Up
1.7706596344133	6.55745336064509	25.1649307074681	1.33617528941668e-65	2.49765803173555e-63	138.980930658803	NDC80	Up
1.70118219937209	6.46229344138685	25.1524923137666	1.44550292183705e-65	2.67723054917856e-63	138.902467558469	SLAMF7	Up
1.2677602682363	6.27904719906153	25.1355937914621	1.60855339592339e-65	2.95213417790012e-63	138.795837884309	LINC01806	Up
1.48210303779979	9.16707739537674	25.1072606714078	1.92440005788108e-65	3.4999809340994e-63	138.61697455203	GRHL3	Up
2.19644133425753	8.87250692384182	25.1013823196758	1.99735228058446e-65	3.60022748575348e-63	138.579852510535	MXD1	Up
1.30160261017433	10.3087762198256	25.0978615819585	2.04236761332341e-65	3.64878914847549e-63	138.55761680146	PGM2	Up
2.83073887390273	8.51114513448605	25.0859610771468	2.20219572483774e-65	3.89981818359862e-63	138.482445858231	HERC6	Up
1.30019795487351	9.47620922100995	24.9453131833265	5.37245373886567e-65	9.4312257461061e-63	137.592665047766	GBAP1	Up
1.44040006345848	10.1012582009393	24.9323699052801	5.832709123911e-65	1.00641651105569e-62	137.51065581762	FBXO45	Up
1.31020959350509	7.29750977350035	24.915970852237	6.47309770121873e-65	1.09814198648911e-62	137.406720096093	FLVCR2	Up
2.09790200662655	6.85438614856722	24.8724964217847	8.53337788705924e-65	1.42373415523927e-62	137.131017899205	KCNJ15	Up
-1.61100022386592	7.97174528531137	-24.8632757733192	9.04872457994573e-65	1.4973414083602e-62	137.072512397667	ZSCAN18	Down
1.32918449684976	8.55944037165445	24.8044758555531	1.31551408474031e-64	2.15915433680792e-62	136.699170056825	DUOXA1	Up
1.42443456975219	10.0522221912423	24.7296382932723	2.11934247163844e-64	3.45042627559974e-62	136.223364366642	EPHX3	Up
1.90933282072571	9.70846269050119	24.6876712985497	2.76996789287832e-64	4.47360894571421e-62	135.95623377861	ACPP	Up
-1.27292689910005	11.1808466263762	-24.6511762735936	3.49676138720227e-64	5.55847392794010e-62	135.723752089811	CLDN1	Down
-1.26585339511344	8.6848700218804	-24.5470207970241	6.80554059150481e-64	1.0733613551664e-61	135.059329069963	RAI14	Down
3.04625486303341	12.1807359117823	24.5133284166414	8.44382735531613e-64	1.32142625309397e-61	134.844106090385	SPRR2G	Up
1.78237307100431	7.8965845397949	24.4863674454584	1.00356393765635e-63	1.55845759795434e-61	134.671778952009	TIGAR	Up
1.3988217567178	6.50150624356846	24.4775559492188	1.06186017385451e-63	1.63639948013548e-61	134.615438313695	FUT3	Up
1.28142519915017	8.25966398209324	24.4425244251258	1.32923445130847e-63	2.0329231138648e-61	134.391349731647	PRSS2	Up
1.45278792082686	8.86189134952168	24.3636732500172	2.20487071152366e-63	3.32178581524177e-61	133.886388266063	PLA2G3	Up
1.20568462265782	9.64309222124941	24.3192811914704	2.93269097401754e-63	4.35332098407839e-61	133.601755987045	UBE2L6	Up
2.40462284198558	12.3934860432089	24.3158778921671	2.99756215132506e-63	4.41713757014236e-61	133.57992447307	KRT6A	Up
1.13211041562431	9.41435341254001	24.3143866937514	3.02643792198258e-63	4.42737164992639e-61	133.570358258623	GCH1	Up
2.01158508171722	8.02505944254847	24.2832878076239	3.69649906973762e-63	5.36869951222037e-61	133.37079108848	IRF7	Up
2.00912187691054	6.77484790226729	24.279761149522	3.78132363554179e-63	5.45266868245127e-61	133.348152160102	RTP4	Up
2.64772759350349	8.17998266595433	24.26393696152	4.18662375721942e-63	5.99429506459189e-61	133.24655144709	TMC5	Up
1.08005474283778	10.230114350317	24.2499083834117	4.58223841912573e-63	6.51452318347255e-61	133.156453126987	GLRX3	Up
1.70709685776986	11.1002347969466	24.2400106972132	4.88372171467592e-63	6.8945855927187e-61	133.092870415498	DSC2	Up
1.2099902682755	8.65491415758758	24.2216317627151	5.49732332175001e-63	7.70694189024231e-61	132.974771317777	MOXD1	Up
1.49621740084001	7.90303223784407	24.2009532057896	6.28065644844724e-63	8.74440637112089e-61	132.841844264948	TK1	Up
1.39755754855736	10.0511767358059	24.1591894841343	8.22093606320416e-63	1.12900855268004e-60	132.573211504376	PPIF	Up
1.3883026587904	8.60564767970974	24.1137428955582	1.10218790415992e-62	1.50344387899868e-60	132.280639287808	GPR68	Up
1.02423164281625	11.0945207995185	24.1100977261075	1.12842766347012e-62	1.52890588390167e-60	132.257161415825	UCHL3	Up
1.40584261450416	8.1545556926775	24.077046664774	1.39686685957928e-62	1.86943284452481e-60	132.044208935168	TMEM86A	Up
1.23075948653591	10.0461540922405	24.076890339673	1.39827798456135e-62	1.86943284452481e-60	132.04320138339	TMEM165	Up
1.21194047928894	6.39818472310551	23.8899672756984	4.68685918284888e-62	6.2248890252206e-60	130.836231264649	FOXM1	Up
-1.18172289658889	9.74792974747018	-23.8723559440495	5.25376989228932e-62	6.93222918859718e-60	130.722286938127	EFNB2	Down
1.03916554460475	9.95144576371943	23.8662111683087	5.46735384802701e-62	7.16720386259541e-60	130.682521383271	PPARD	Up
3.88914654384385	9.1933687226709	23.8625860921447	5.59741881708151e-62	7.29036716640269e-60	130.659059683954	LTF	Up
1.20890163294626	7.19722675807187	23.8144031051597	7.651929506152e-62	9.85639628333262e-60	130.347059357951	POLE2	Up
1.25495273211035	9.04553073922199	23.8141358302311	7.66521803290678e-62	9.85639628333262e-60	130.345327851096	IDH3A	Up
1.50535004693807	8.76025543215953	23.7962195178995	8.61085818970405e-62	1.10022788059333e-59	130.229238766995	CDK1	Up
1.48522483032564	6.51724477238105	23.7209231033226	1.40463765495462e-61	1.78344811183798e-59	129.740912349847	INA	Up
1.88668963152741	7.55083465262495	23.699282953107	1.61695824741609e-61	2.04019706867725e-59	129.60043558619	CFB	Up
1.76892599034374	7.28102449267918	23.6769075519599	1.8704114929632e-61	2.3453333676982e-59	129.455124005399	CDKN3	Up
1.93604442832183	7.38753663871455	23.6175924108837	2.75237592110201e-61	3.38810762775655e-59	129.06961167257	PBK	Up
1.31197964661383	8.3198741976889	23.5234552480778	5.08584127721075e-61	6.21430609667514e-59	128.456869936175	F12	Up
1.74746894140136	6.76352123637522	23.5227340869431	5.10984154967344e-61	6.21430609667514e-59	128.452171581622	KIF20A	Up
1.80561419811657	9.00966258070087	23.4930511287791	6.20281453738822e-61	7.4983484958559e-59	128.258730913296	PNP	Up
1.71769010840897	9.49687775178383	23.4912604111481	6.27579613349571e-61	7.54141502041734e-59	128.24705746253	ABCA12	Up
-1.33191173097156	8.4168856617673	-23.46121070577	7.6373343856046e-61	9.12322524121809e-59	128.051107421736	COBL	Down
1.59736858773065	12.5901591232175	23.4598305356481	7.70654167628231e-61	9.15174490357572e-59	128.042104800511	S100A2	Up
1.77370909835632	6.84304810629182	23.4423474211098	8.63964116183737e-61	1.01998289927002e-58	127.928044667689	CEP55	Up
1.44355052484423	6.00846336905858	23.4213879383542	9.9088535333195e-61	1.16302287866659e-58	127.79125415767	C12orf56	Up
1.51776093083763	7.61572136901079	23.4108921641396	1.06130870667266e-60	1.23136207875331e-58	127.722733581723	UHRF1	Up
1.59326385526842	8.76357639981913	23.3717088944292	1.3715554674267e-60	1.58222638722344e-58	127.466807751305	ATP10B	Up
1.7775039242624	8.92057342066212	23.3193390168917	1.93283711573574e-60	2.19214133103781e-58	127.124453383737	CKS2	Up
-1.25527109869569	6.4907008216913	-23.0967207889479	8.33972279481692e-60	9.35346243232022e-58	125.665320154643	BCAR3	Down
1.36363019433399	7.43754958840605	23.0907247301631	8.67542237942491e-60	9.67621143623371e-58	125.625933969963	CENPN	Up
1.40162616855628	7.43288703207241	23.0764654896787	9.52920616020025e-60	1.05700886792375e-57	125.53225161081	KIF2C	Up
-1.40138915043195	6.58777833282282	-23.0709918030688	9.87889764497415e-60	1.08980975768709e-57	125.496283090788	GPRASP1	Down
2.3640003759051	6.39864424450477	23.0447432393288	1.17432274885849e-59	1.28843628554104e-57	125.323747509338	VNN3	Up
2.34698717050795	7.61882354500618	22.9723350673047	1.89273207585169e-59	2.04334091696759e-57	124.847353827432	OASL	Up
1.33078634225872	10.3132967608051	22.9585292016784	2.0732264402288e-59	2.22629230719889e-57	124.756447180982	SPTSSA	Up
1.26642999516786	10.4835273431754	22.9151691007276	2.76027175049602e-59	2.94837915867797e-57	124.470782624026	PYCARD	Up
1.98622851747881	10.9032160944784	22.893497378323	3.18506507205655e-59	3.38421545656198e-57	124.327917741158	KLK10	Up
2.53488774701525	6.33725526234565	22.8663904169192	3.80988160882504e-59	4.02690523135916e-57	124.149140526986	GZMB	Up
1.46107638415134	8.67405535355455	22.864926341571	3.84693006761757e-59	4.04488667734706e-57	124.139481989112	NUSAP1	Up
1.25343575583306	8.39592927220486	22.8201410653412	5.17286901285788e-59	5.38298348616365e-57	123.843904168521	PRC1	Up
2.05384986057795	7.11206423944605	22.8005226813684	5.88988225704474e-59	6.09768938488304e-57	123.714346770841	SLC26A9	Up
1.3968534877677	7.0828501486045	22.7212903962897	9.95398236350712e-59	1.02526018344123e-56	123.190621946606	UBE2T	Up
1.04900099753538	7.13162313813751	22.6686925728092	1.41080003872259e-58	1.43844601927937e-56	122.842522255834	TIMELESS	Up
-2.36577359190567	7.9177453405779	-22.6328451834228	1.78970541526676e-58	1.80652864617027e-56	122.605083616573	HSD11B1	Down
2.23185878119837	8.01403615836832	22.6261309159788	1.87128708334687e-58	1.87947978301526e-56	122.560593398851	OAS1	Up
1.11450460491197	6.80788928876036	22.6135853943449	2.03384873496607e-58	2.02424404218612e-56	122.477449112964	CDCA5	Up
1.28271767003154	9.04687959038611	22.6134650924661	2.03547424491669e-58	2.02424404218612e-56	122.476651729484	TNFRSF21	Up
-1.08545975489379	8.0834948082954	-22.5357619950998	3.41137595359083e-58	3.37592439956331e-56	121.961248658239	CRY2	Down
1.41564845316128	7.4027391184001	22.5293722464616	3.5594733441202e-58	3.50529989615115e-56	121.918832525331	PRSS53	Up
1.55741669973454	10.0692016551002	22.5182069434403	3.83390047490078e-58	3.75722246540276e-56	121.844703479669	CERS3	Up
-1.3640852117639	6.93457193683758	-22.5151612930231	3.91237493284617e-58	3.80036727195067e-56	121.824480037451	SNTB1	Down
1.6997105259496	7.24416361179881	22.5051228066692	4.18261231863302e-58	4.03543024953854e-56	121.757815351019	TMPRSS4	Up
-1.64807951090498	7.10163703160303	-22.4509306280152	5.99975328849262e-58	5.74042745915114e-56	121.397716200085	SOX5	Down
2.23696033861546	10.0535926847951	22.3936743767508	8.7871402932663e-58	8.3283938141061e-56	121.016865303022	TGM3	Up
1.43021699420066	7.73835261708815	22.3677934913559	1.04426429098182e-57	9.85121846090698e-56	120.844581832329	CCNE1	Up
1.1831213443836	6.47289227625147	22.3606039319014	1.09557211252137e-57	1.02581921327294e-55	120.796707932906	AURKB	Up
1.22734804286661	6.99946339035519	22.3603311770601	1.09756761475607e-57	1.02581921327294e-55	120.794891586113	PDSS1	Up
1.51285185003261	10.6516349643478	22.3429973767284	1.23215276566283e-57	1.14629954070052e-55	120.679442545058	DSG3	Up
1.06256520789663	10.2919224565693	22.3062159995987	1.57510475008335e-57	1.45863370159095e-55	120.434344290647	CTSC	Up
1.02853173052122	10.43451183732	22.2879125712231	1.77994063862137e-57	1.64079642066156e-55	120.31231503403	RAB38	Up
1.99036233562028	10.0698960979476	22.2578787115544	2.1755472227772e-57	1.99636124242846e-55	120.111990177665	ALOX12B	Up
1.33258460255148	6.3891945283219	22.2503050245378	2.28852712250202e-57	2.09053328276339e-55	120.061456556944	KIF4A	Up
1.5183644092774	9.57542904436268	22.230294766304	2.61615457321395e-57	2.37905083441637e-55	119.927909224923	FAM110C	Up
1.98302773588677	8.18898358077586	22.2243313100769	2.72260494760186e-57	2.46475106198145e-55	119.888100014103	GALNT6	Up
1.16859665572792	9.6557200324847	22.2153184399044	2.89178917635744e-57	2.60622499519214e-55	119.82792613493	IRF9	Up
-1.42169111838285	11.0761565544882	-22.1611082714493	4.156569862016e-57	3.69070758462011e-55	119.465786568061	ID4	Down
1.55700330379504	7.66373572761526	22.1393097238208	4.8099306450451e-57	4.24030043066247e-55	119.320065190914	GK	Up
3.41333031826845	8.79970770497713	22.0421488228929	9.22670647581706e-57	8.02882544542219e-55	118.669851329164	KLK6	Up
2.13534305124399	9.25910724277106	22.0288003835666	1.00914288765783e-56	8.70622932309244e-55	118.580432339767	A2ML1	Up
1.30016170842051	10.711862411266	21.9658364364515	1.54026693357985e-56	1.32318761085575e-54	118.158356531562	KLK8	Up
1.46506985985088	8.27740991565344	21.9305821951106	1.95213815158731e-56	1.65587247916994e-54	117.921822172906	CARD6	Up
1.40931739751783	7.23378211139023	21.9206519440548	2.08694383606053e-56	1.76281264277782e-54	117.855169193909	HSD17B1	Up
1.11227495783681	9.3476991544747	21.8836709237801	2.67642482370642e-56	2.25131934754105e-54	117.606843769326	JPT1	Up
2.03993451275031	6.33329888286088	21.8745505345726	2.84585176116615e-56	2.38390271180175e-54	117.545575547613	HYAL4	Up
1.64232558074792	5.62986287250562	21.8674896596054	2.98437156785937e-56	2.48960715751839e-54	117.498135686825	BCL2A1	Up
1.08187762448183	8.83984452507199	21.8514489012204	3.32470796761999e-56	2.7621071790252e-54	117.390340430974	SRXN1	Up
1.09063607767281	7.95045171424903	21.8493044593639	3.37306355684895e-56	2.79079537236338e-54	117.375927253603	EIF4EBP1	Up
1.46446082261737	7.55236812782275	21.8160158697816	4.22086528511463e-56	3.46385481202822e-54	117.152117764947	TPX2	Up
-1.64208884091897	7.04245034238345	-21.7825102942711	5.29019139380291e-56	4.32382120882969e-54	116.926714963608	NR3C2	Down
1.19502304424196	7.27134160873738	21.7576337230467	6.25636593543987e-56	5.07243034155261e-54	116.759275104725	KIF18B	Up
2.35040646637722	9.89235682934746	21.7469390534913	6.72436430457526e-56	5.43005866323061e-54	116.687268343362	MX1	Up
1.59274824789909	7.9758693242429	21.7170113842862	8.22911677934637e-56	6.59243688656526e-54	116.485693778615	MAD2L1	Up
1.75496611586214	6.13497827618904	21.672640197748	1.11036773183194e-55	8.86012006728189e-54	116.186639215791	CCR7	Up
-1.3823618495538	8.67607059992281	-21.611351614251	1.68018181932513e-55	1.3198253139508e-53	115.77317739239	MAML2	Down
1.59263262073186	8.60263534051907	21.5967627353888	1.85440672335292e-55	1.45103732290886e-53	115.674692658922	DNASE1L3	Up
1.00291408732608	9.37612596559935	21.5396219323259	2.72984356254828e-55	2.12780238767277e-53	115.288709910088	NLRX1	Up
1.40384961744933	7.26362730268987	21.4833076258156	3.99766021753945e-55	3.10402940275717e-53	114.90793052944	AFAP1L2	Up
2.252916521662	7.51708042337978	21.4604174523335	4.66865560215232e-55	3.61114250177207e-53	114.753046981674	UPP1	Up
1.58097727127735	6.03556748127945	21.4292748193762	5.76653857998766e-55	4.44331606308362e-53	114.542224572003	CHAC2	Up
1.43446503387166	9.07241568399335	21.4214707492994	6.08006267562714e-55	4.63186057719097e-53	114.489376354053	TYMS	Up
2.95573951889455	7.35635994639239	21.361158918075	9.1560412499275e-55	6.87145579009429e-53	114.080709338567	CXCL10	Up
-3.6089992778273	7.02849715525519	-21.3403567018883	1.05457122535981e-54	7.88506811020881e-53	113.939656070058	WIF1	Down
1.29425157133626	10.1432818077333	21.2438991548512	2.03198941589483e-54	1.50263012190787e-52	113.284942710433	TMEM40	Up
1.18227872716082	8.76123357640914	21.1987377717865	2.76343043233545e-54	2.03606326890467e-52	112.978031050255	CENPW	Up
1.40458175612877	7.20890101835504	21.1957701253221	2.81985316883413e-54	2.07007984626994e-52	112.957854901989	BUB1B	Up
1.93579115921955	7.81481373805937	21.1831768315819	3.07242282298867e-54	2.24732144748171e-52	112.872225376697	LRG1	Up
1.7604388859916	7.56971114498707	21.1051194068201	5.2308910143414e-54	3.74472438998313e-52	112.341052090307	ASPM	Up
-1.29075088180387	11.6292513060521	-21.1029064463684	5.31045567751862e-54	3.78825014903696e-52	112.325982755189	GATA3	Down
1.27552824495639	8.14675187406062	21.0853513413091	5.98617342964428e-54	4.25524187315699e-52	112.206419643062	SMPD3	Up
1.43131146843546	7.28202559087044	20.9467889862191	1.54264931374026e-53	1.08512210264071e-51	111.261453633705	ISG20	Up
1.27477136407985	9.4847428746839	20.9429371595466	1.58383316227355e-53	1.11022305138814e-51	111.235153255791	HR	Up
1.30677319570556	11.0739775172298	20.9025507061702	2.08797810507411e-53	1.45855024170367e-51	110.959290437928	NFKBIZ	Up
-2.36369371571015	9.42154954268817	-20.8961268577574	2.18184158234964e-53	1.51886268498188e-51	110.915394519791	C5orf46	Down
1.15073233406605	8.74385357253933	20.8584990655879	2.82310565519874e-53	1.95851742155162e-51	110.658178169023	BLNK	Up
1.54239802040137	6.45084782401192	20.8515454527499	2.96083830196263e-53	2.04511012427578e-51	110.610626798073	PRKCQ	Up
1.38913829161734	8.73590460404237	20.8511836921698	2.96818538940362e-53	2.04511012427578e-51	110.608152793795	ZWINT	Up
-1.68649192767244	8.53985212285695	-20.8362342291471	3.28832926718749e-53	2.25798609680208e-51	110.50590343636	F3	Down
-1.63264554036909	6.44640493785156	-20.7963007242322	4.32372098484444e-53	2.92910333026979e-51	110.232645913243	CLDN23	Down
1.311507093862	8.52815619903555	20.7801639005308	4.82969355748789e-53	3.26093155647376e-51	110.122172849036	EPN3	Up
1.40086055964397	7.62840633569189	20.777048368688	4.93401383745637e-53	3.32026237835231e-51	110.100840417427	CCNA2	Up
-1.23881853193435	8.33572170013968	-20.7678716988459	5.25459602765528e-53	3.52424533575763e-51	110.038000179142	RETREG1	Down
-1.36218938527722	7.1215220845095	-20.7589171497401	5.58753925718064e-53	3.72281328461923e-51	109.976671711618	ZNF677	Down
1.08755453072517	7.76258443337095	20.7370166588409	6.49370720426368e-53	4.31233424472616e-51	109.826639714723	CTPS1	Up
1.06492581755924	11.335824423865	20.7330817171611	6.67149090946627e-53	4.41587076984606e-51	109.799677116567	TUBB6	Up
1.10982795413657	8.4834502994748	20.7074481907389	7.95529063356611e-53	5.21433140618288e-51	109.623990550253	BDH1	Up
-1.39806074389015	8.34174609659684	-20.6478546017334	1.19805135598972e-52	7.77693272499049e-51	109.215260324711	PTPN21	Down
1.29276740538277	7.2788770894419	20.6375789415167	1.28574346354639e-52	8.29283994954458e-51	109.144742649794	AURKA	Up
1.27761294431839	6.51960183454103	20.6298843464611	1.35559705673007e-52	8.71553929339701e-51	109.091929939323	NCAPG	Up
1.56631675170213	8.1064361055988	20.6214509370222	1.43653553578424e-52	9.20659663378167e-51	109.034038590813	MMP9	Up
1.30460647787264	9.23063054940163	20.6192770598365	1.45817303976907e-52	9.31569535660064e-51	109.019114651442	SCO2	Up
2.25287517100285	10.7545183222965	20.5788225785476	1.92608856912921e-52	1.22662069506563e-50	108.741292041316	HAL	Up
-1.27004643842991	7.45424070483327	-20.5712328536409	2.02937013308862e-52	1.28833095115701e-50	108.689148732227	SYBU	Down
1.06912420670763	10.2119376409424	20.5662548390585	2.10010804150165e-52	1.32905896996349e-50	108.654944996256	TMEM79	Up
2.26906598514025	6.11093160506305	20.4820175990111	3.75170615366683e-52	2.35215664069024e-50	108.075731160629	CHRNA9	Up
1.05799372799985	9.27783999146192	20.4509547811636	4.64769259493897e-52	2.89591413909345e-50	107.86194260785	LRRC8B	Up
2.35878232809688	9.08752101932769	20.4413337977593	4.96654242668668e-52	3.07559995429296e-50	107.795704668049	IFI6	Up
1.19852159642657	7.83442461607914	20.4373248558548	5.10579123393363e-52	3.15216249023401e-50	107.768101100525	SMOX	Up
1.13346674172944	6.72962509211383	20.4342695120929	5.21453935657343e-52	3.19003395546983e-50	107.747062325418	TRIP13	Up
1.5443148309165	7.94908095918919	20.4174930212639	5.85438626170142e-52	3.57064501061112e-50	107.631522580364	IFIH1	Up
1.00144693385883	10.0704038224419	20.3971006569202	6.73905481218801e-52	4.09783248639914e-50	107.491037974088	MAPK13	Up
1.04465002116522	7.81410809021596	20.3382129221003	1.0120533032381e-51	6.08075359695561e-50	107.085095578087	EZH2	Up
1.66966628880782	10.3854917745442	20.3182420257067	1.16180742813514e-51	6.95981256949324e-50	106.947338720221	FGFBP1	Up
1.07345374491783	10.0734574249162	20.2995003462141	1.32249373414125e-51	7.89896553397739e-50	106.818020611439	SOX7	Up
-2.74627573147892	8.685228764526	-20.2776213671722	1.53848099779978e-51	9.16190394795927e-50	106.667005825778	CCL27	Down
1.22075271763569	9.55597859949503	20.2682119994892	1.64192680997658e-51	9.74918189406096e-50	106.602043472585	PLCXD1	Up
1.60860977469243	11.206385520198	20.2458169719266	1.91706054858744e-51	1.1349448197913e-49	106.447388665031	CRABP2	Up
2.36853492527371	8.6495833344905	20.2379962168224	2.02366032790899e-51	1.19455130701248e-49	106.393367321935	CMPK2	Up
1.23537363160022	5.19891279503321	20.2117184527848	2.42730950859296e-51	1.42823430294351e-49	106.211806037028	SPC25	Up
1.07657125487389	7.39010640248826	20.211339458567	2.43368634937869e-51	1.42823430294351e-49	106.209186891164	NFE2L3	Up
2.13094521171871	12.310820879486	20.1801892020665	3.01954528773825e-51	1.75673141985187e-49	105.993860296004	SPRR1A	Up
-1.30037557023175	7.29894379277262	-20.1680089955773	3.28536175817198e-51	1.90042645197639e-49	105.909635452845	SCD5	Down
-1.25926732032273	7.38379815240332	-20.1275615076746	4.34822341877627e-51	2.4797156604027e-49	105.629828658503	ANG	Down
1.22394574853041	6.83607150999875	20.1231877006899	4.48208093398683e-51	2.54885210972749e-49	105.599560896832	LRP8	Up
-1.03192344463773	8.45876890676626	-20.0859469086942	5.80275342573302e-51	3.28140017251256e-49	105.341761306308	FAM117A	Down
1.60641319325131	11.1051201350474	20.0471659908842	7.5944549716156e-51	4.27066453947007e-49	105.073139492476	IVL	Up
-1.85242678545499	6.86991371818904	-20.0445701201211	7.73252891198439e-51	4.33623037986502e-49	105.055152963946	STXBP6	Down
3.2942668356776	6.3050016749212	20.0425047894452	7.8441785651538e-51	4.38665586906717e-49	105.040841971502	MMP12	Up
1.0685209241601	10.5633664292815	20.0406589141443	7.94533136932406e-51	4.43094888629597e-49	105.028051226766	ELOVL7	Up
-1.27213421342985	8.96628539818914	-20.0024023174045	1.0362770003125e-50	5.71279735457482e-49	104.762874036947	DDAH1	Down
1.60807320754114	9.7005914517297	19.9598168489962	1.39307517101894e-50	7.60091933852173e-49	104.467504704747	CDH3	Up
-2.11321215336395	7.35975416700287	-19.9454193438483	1.53970415351647e-50	8.35579232558884e-49	104.367600481825	CLDN8	Down
-1.05912341366784	9.28698763338558	-19.9432535295281	1.56306202999839e-50	8.45028861959898e-49	104.352569972059	CCND1	Down
-1.35396098817647	7.27108608420405	-19.9415045818368	1.58218302292356e-50	8.5176295644749e-49	104.340432101251	TMEM116	Down
1.66160617777307	6.25640458300543	19.9109090621757	1.9572907453742e-50	1.05089855233017e-48	104.128042879823	TTK	Up
1.33750351173646	10.0907730204667	19.8772428384852	2.4738767000437e-50	1.32123340794927e-48	103.894221067134	TRIM22	Up
-1.21858615234349	8.12032872613614	-19.8362867104234	3.2900193167602e-50	1.73526480181239e-48	103.609604986202	ARHGEF26	Down
1.26986265140757	8.688550724332	19.7684570225552	5.27758718413226e-50	2.73891851088077e-48	103.137842979158	GPT2	Up
-1.31251123332298	7.07052923791613	-19.7281032879951	6.99257887894123e-50	3.61038829688147e-48	102.856946946645	ANKRD33B	Down
-2.13983605443225	8.96645901393543	-19.7175079393677	7.52896659012871e-50	3.87741779391628e-48	102.783165805174	IL37	Down
1.52048373724273	9.23283442416085	19.6921797994676	8.98434482731924e-50	4.61516420798781e-48	102.606744215029	SLC16A10	Up
1.27336010409574	5.52364401191736	19.654204506858	1.17116161810427e-49	5.98567360665543e-48	102.342102980703	MCM10	Up
1.26216997157512	9.39446287191133	19.6195642678617	1.49174232411433e-49	7.5666567937739e-48	102.100570821977	PRDM1	Up
1.06706329350461	6.1161073717564	19.6045483491003	1.65676072086301e-49	8.36167135819562e-48	101.995831919296	KNL1	Up
1.61342284403578	9.45849876206039	19.6002839326136	1.70687643284602e-49	8.59312255019836e-48	101.966082498707	SERPINB1	Up
1.01885213650485	6.865723193546	19.5710845594831	2.09335527975702e-49	1.04865152326885e-47	101.76233081072	SNX20	Up
1.01740815096231	6.2342828731411	19.5460775365362	2.49337612296719e-49	1.2459474547144e-47	101.587762456653	IL4I1	Up
1.23017148566655	6.4587959934645	19.5330102437247	2.73201865020603e-49	1.36182697556443e-47	101.496516769654	NEK2	Up
1.11456463417692	9.54384224121293	19.51724817654	3.05053484022327e-49	1.51685215158688e-47	101.386430540723	MFHAS1	Up
1.31181612601279	7.08166165077493	19.4996028223401	3.45146844999395e-49	1.7078001242274e-47	101.263160399149	KIF11	Up
1.19461282595095	5.64726710000313	19.4589049683851	4.58930224863855e-49	2.26525266003704e-47	100.978723078364	BUB1	Up
1.88333704717246	8.7326492256267	19.4395081661383	5.25713664106658e-49	2.5822645866144e-47	100.843098683887	SDR9C7	Up
2.3828623511762	9.12483268922217	19.400063275791	6.93086711922552e-49	3.37971848799335e-47	100.567176700507	ISG15	Up
-1.38300166720567	8.62806191209395	-19.3023419025288	1.37553262832734e-48	6.65929321359047e-47	99.8829178620097	PLLP	Down
-2.3040418485322	6.77022114528863	-19.2812320718578	1.59526270855803e-48	7.66789608580224e-47	99.7349762676275	WDR72	Down
1.60617376872616	9.85366129461438	19.2718965147399	1.70334047447019e-48	8.16794239871836e-47	99.6695365681196	GBP1	Up
-1.38767549564729	6.16930006850592	-19.2387782767387	2.14945400124972e-48	1.02342399474598e-46	99.4373157654848	PEG3	Down
1.19501994621792	9.17545273553653	19.2330633831039	2.23751641459837e-48	1.06284662065675e-46	99.3972324795829	GNA15	Up
1.14260825202038	5.57450765329875	19.2152763841274	2.53541789503609e-48	1.20152620809832e-46	99.2724564773517	THAP2	Up
-1.60340462767876	7.12939186390394	-19.2052192687105	2.72112524771766e-48	1.28651233023241e-46	99.2018916231117	WNT2B	Down
1.32685061684115	8.21154773011872	19.1772735540254	3.31188335184834e-48	1.56215656792323e-46	99.0057597405257	NABP1	Up
1.21899589100377	9.42845321294822	19.1728910617675	3.41553834019819e-48	1.6072934268513e-46	98.9749949262407	TMEM54	Up
1.04508135864287	8.16015610057374	19.1430991909448	4.21178042744316e-48	1.95915721818485e-46	98.7658070412118	PPIL1	Up
1.50057583305145	10.499769655607	19.1151334824637	5.12777452063181e-48	2.36525139433713e-46	98.5693613099936	NAMPT	Up
1.19302606727169	7.82153019739989	19.1114346429431	5.26302111176045e-48	2.42027039189567e-46	98.5433729068887	PGLYRP4	Up
1.79918936485555	6.10065592089228	19.0964385852791	5.8489704073435e-48	2.67752867536169e-46	98.4379952442969	APOBEC3B	Up
1.30936901711978	6.07101553915773	19.0593946647138	7.59220099141737e-48	3.45984996872988e-46	98.1775912307422	GK3P	Up
2.75819879460303	6.66102298712504	19.0436692486042	8.48159006521021e-48	3.85644910442486e-46	98.0670068240873	CCL20	Up
-1.32348162902797	7.1029452173865	-19.0188888590068	1.00997534415186e-47	4.58188365117704e-46	97.8926965220479	FAM189A2	Down
-1.91508720822877	7.48417965640128	-18.9829107456151	1.30154325789829e-47	5.87820028869142e-46	97.6395118246799	TPPP	Down
1.26631406532158	4.91413860393792	18.9290660361043	1.90286761370278e-47	8.5366869745404e-46	97.2603601881047	DEPDC1B	Up
1.26221300664106	7.89094395243459	18.8829452492136	2.63508461136699e-47	1.16405006858374e-45	96.9353730719832	WDR4	Up
2.78548708154051	7.89214035932271	18.8260535705037	3.93842768360691e-47	1.72470668279081e-45	96.5342066073965	CXCL9	Up
1.26898554964485	6.4213558142511	18.7828167594423	5.34628904722969e-47	2.32609662253175e-45	96.2291184668161	CCNE2	Up
1.09647654869431	8.86759159591922	18.7433635017012	7.06699991725081e-47	3.05500201990277e-45	95.950572295615	IL4R	Up
1.15782550104893	8.08874250716075	18.7406962128738	7.2016187863452e-47	3.10654444569951e-45	95.9317354814015	CENPF	Up
-1.11427247243523	7.78498328121652	-18.7277686964923	7.89138286102083e-47	3.38240418680018e-45	95.8404297675995	FXYD6	Down
-1.80447380447668	9.45184217912785	-18.7095040549937	8.9802310849893e-47	3.82474483425663e-45	95.7114015292296	CHP2	Down
-1.18757240125438	8.06692934227848	-18.7083222299223	9.05566187420254e-47	3.84875161929265e-45	95.7030515902126	SPRY2	Down
-1.6972166225898	7.4238675255661	-18.6962863569701	9.8609614745839e-47	4.18220777833823e-45	95.6180071286062	AQP9	Down
-1.49535809599585	7.59864891884515	-18.619247578299	1.70169779102886e-46	7.09790805894434e-45	95.0733351544364	ADRB2	Down
1.83680422155506	9.28123828992292	18.6099769648814	1.81724810345606e-46	7.54868409723681e-45	95.0077535480832	IFIT3	Up
-1.48208384263027	9.8200984582744	-18.5921431405964	2.06210366724063e-46	8.53068623652742e-45	94.8815720975326	GAN	Down
1.34200033026497	6.347634645536	18.5856210855582	2.15968286297628e-46	8.9160894964755e-45	94.835418562693	KLRB1	Up
-1.91108733303828	7.17828617082613	-18.5288182235084	3.23103813100236e-46	1.3124385872973e-44	94.4332847279308	HS3ST6	Down
1.87009414526831	8.24241954298069	18.5211717881972	3.41116675485348e-46	1.3800527945287e-44	94.379129324585	IFI44	Up
1.14156726172035	7.37410381407978	18.490564129184	4.23874675836917e-46	1.70461791948121e-44	94.1622987078744	GINS1	Up
2.12329627959313	10.0029551042764	18.478623430423	4.61370214438225e-46	1.84804402561089e-44	94.0776851978466	WFDC12	Up
1.49956577424669	7.38510958894763	18.4680340556134	4.97393833250306e-46	1.98839340706083e-44	94.0026364630073	CD2	Up
1.3084630518951	9.53226226986257	18.4561192600099	5.41306619183947e-46	2.15966364191413e-44	93.9181820112116	HK2	Up
1.81067945265042	6.60467920842706	18.4463015337989	5.80394877108788e-46	2.31104768817992e-44	93.8485822901161	CHAC1	Up
1.40167265710861	6.9132495031983	18.3464179064331	1.1803362394897e-45	4.5912578040112e-44	93.1399924361921	LCK	Up
1.02203696614231	8.51341753737881	18.3207987563627	1.41625116338031e-45	5.46678364939228e-44	92.958101737379	SLC27A4	Up
3.97629741444156	6.59960542735202	18.3192420241305	1.43202193091214e-45	5.51711044680424e-44	92.9470473699599	CXCL8	Up
1.97360404143594	11.6036578894027	18.2933978904164	1.72110230606104e-45	6.60562991535366e-44	92.7634964560987	ARG1	Up
1.80472231865645	8.89861660014993	18.2702888124926	2.02877796184903e-45	7.74233827860267e-44	92.5993203080736	XAF1	Up
-1.18750558364113	7.82755606766518	-18.2345506334365	2.61660602696724e-45	9.91070215242301e-44	92.3453290278336	PELI2	Down
-1.10864419311937	9.51343710457113	-18.2260927387295	2.77905845312337e-45	1.0506298137014e-43	92.2852023022983	PDGFC	Down
-1.38995421486594	7.2700297591265	-18.2157402656848	2.9917168987817e-45	1.12680561105606e-43	92.2115985717692	ARFGEF3	Down
1.13896929966497	6.44297773154142	18.2098160961017	3.12066606847291e-45	1.17318448026687e-43	92.1694748456071	KIF14	Up
1.16359515288506	7.67873673004407	18.1999869267497	3.34701334392058e-45	1.25593876184143e-43	92.0995778947996	FANCI	Up
1.0444679868923	8.7192854796952	18.1285693907253	5.56832505755749e-45	2.05508859711098e-43	91.591462511358	PSMB10	Up
1.21486233809092	5.87122555141772	18.1208659261265	5.88276638217388e-45	2.16322928457789e-43	91.5366281462652	SHCBP1	Up
1.29559538470372	6.84432133700998	18.0795816201344	7.89721573364126e-45	2.86742789983363e-43	91.2426735051929	ULBP2	Up
1.55582097171795	8.59521584787676	18.0521045671073	9.60791524368274e-45	3.47606797382558e-43	91.0469490348835	TOP2A	Up
-1.19297687813853	9.05378703090753	-18.0104713375841	1.29333186362924e-44	4.63761699164247e-43	90.7502648681036	EDIL3	Down
1.29237957270771	6.33273499464081	17.9869269789221	1.53015720936951e-44	5.4385235462591e-43	90.5824195570513	AASS	Up
2.55753757729389	7.36440770371259	17.9724831370659	1.69646835006411e-44	6.00847421949021e-43	90.4794277850982	RSAD2	Up
-1.38405833398801	8.72066488388426	-17.9707908887413	1.71710239882273e-44	6.07090424298306e-43	90.4673600661615	RHOBTB3	Down
1.02294294115756	8.07043465987219	17.9401457878183	2.13744554198883e-44	7.50447836550792e-43	90.2487829754861	PARP14	Up
1.02594329198923	6.64559373517179	17.864119233235	3.68104611958505e-44	1.27685496670417e-42	89.7061839036914	CDCA2	Up
1.57992293112127	7.91731841071535	17.8622352868915	3.73098855079087e-44	1.2919587798176e-42	89.692732174697	FUT2	Up
-1.54317189491075	7.40488943588542	-17.8546770294484	3.93827144506824e-44	1.36140109474379e-42	89.6387618715252	UST	Down
-1.04681992968952	7.77122300922167	-17.8358576354091	4.50590495877513e-44	1.55496084286756e-42	89.504360219764	ADCY2	Down
1.09990338834608	6.05648622612484	17.8266971829675	4.81116623026347e-44	1.65747139686961e-42	89.43892892556	OIP5	Up
-1.40683224004367	7.83572593986542	-17.815048601329	5.22944393947055e-44	1.7833110515208e-42	89.3557155258919	RAI2	Down
-1.19547717347467	8.56536280930831	-17.7734537231845	7.04330989243884e-44	2.38975361526984e-42	89.058486235408	SRGAP2C	Down
1.05980810001904	11.5750674622127	17.7455719942659	8.59997906265774e-44	2.8984370169772e-42	88.8591702710493	SLPI	Up
1.02741553345803	6.85552506218389	17.7424970982686	8.7914990268478e-44	2.95804637256672e-42	88.8371851708375	LINC01137	Up
2.66041852636332	5.41351644903895	17.7056543175763	1.14472499711705e-43	3.82611063605943e-42	88.5737052816107	CXCL13	Up
1.0722737639258	9.15557498338475	17.6681424613776	1.49785617258774e-43	4.98166728372344e-42	88.3053294677879	SERPINB8	Up
1.09922370365609	5.33866862499308	17.6597820933907	1.59038181459038e-43	5.25476727871533e-42	88.2455006495947	CYP7B1	Up
-1.11381942123535	8.32519409980273	-17.6240086201917	2.05548796745255e-43	6.72547667535366e-42	87.9894348788364	CCDC18-AS1	Down
1.16800733520185	7.51266549930617	17.6150338589327	2.19216391178296e-43	7.1495000082511e-42	87.9251779820087	MAP3K9	Up
1.44655725101793	6.59502901759967	17.6112549092454	2.25240248845561e-43	7.33411313499062e-42	87.8981198274531	GZMA	Up
2.08569840488439	6.15139449823066	17.6029245190054	2.39111412449903e-43	7.76074147031935e-42	87.8384683703652	VNN1	Up
-1.11398452709825	8.40417265331356	-17.6025010287231	2.39838998516472e-43	7.7718614800169e-42	87.8354357374274	DMD	Down
1.61148774624047	6.58970614897101	17.5763226501233	2.89399286796047e-43	9.33289584958243e-42	87.6479441248358	LOC101928100	Up
-1.15190851805368	5.51604327062817	-17.5751958781064	2.91748918235166e-43	9.39366373418107e-42	87.6398729013881	ACADL	Down
1.09776695731637	8.5449523340075	17.4861057290723	5.53110219162908e-43	1.75293392534706e-41	87.0013988263516	SLC16A1	Up
1.23092242441071	7.81632387809478	17.4361420079746	7.92001298928793e-43	2.47890267019759e-41	86.6430641926239	APOL1	Up
-1.07063873739874	8.26206339295307	-17.3820267387811	1.16866026920109e-42	3.60412693841929e-41	86.2547440639023	MTURN	Down
1.08156821394905	7.98027769100955	17.3761454185083	1.21914993712992e-42	3.74614900011853e-41	86.2125278058911	CD3D	Up
-1.5841417568407	7.30632891741	-17.3322972396445	1.67125007198486e-42	5.11199946261067e-41	85.8977042352014	EMX2	Down
1.18567038428545	7.76076474727488	17.2911939207843	2.24650293897794e-42	6.81990997474988e-41	85.6024607595648	FBXO6	Up
-1.14937624865399	5.455505934603	-17.2844289524428	2.35860716495191e-42	7.14948370060797e-41	85.5538565234574	ZNF415	Down
1.21837573231513	6.55951654401365	17.2686987087544	2.64141773184816e-42	7.99474380368076e-41	85.4408267544649	CEMIP	Up
1.31936635733201	7.44209605492283	17.2505353078117	3.0104799601878e-42	9.05746191300615e-41	85.3102913942233	IRAK2	Up
-1.49123540279728	5.07879104822767	-17.2313044184536	3.45767282878145e-42	1.03566022355252e-40	85.1720585647416	ENPP5	Down
-1.28924003941822	7.700826559966	-17.2304992541073	3.47778276994494e-42	1.0401404231059e-40	85.1662704181736	CACNA2D1	Down
1.03070538067859	7.91738662434836	17.2141140567158	3.91344991306652e-42	1.16870897699685e-40	85.0484708859374	ZNF662	Up
-1.5934658601308	5.86395684832069	-17.174671592957	5.19973128315576e-42	1.53468092316299e-40	84.7648258757646	GREM2	Down
1.49855633144005	6.91097420002822	17.1645863742171	5.59173730383984e-42	1.64556840655858e-40	84.6922818668107	PCP4L1	Up
-1.06860995140843	7.91003172372936	-17.1534144520536	6.06062733876593e-42	1.78095989395934e-40	84.6119127879404	BCL2	Down
1.53655998823314	10.8452826541086	17.1261264009441	7.37822587445147e-42	2.15559513680791e-40	84.4155702504391	LYNX1	Up
-1.09043811796389	7.01674821611765	-17.1154902125685	7.96632966227633e-42	2.32405004656119e-40	84.3390269493215	PIK3C2G	Down
-1.37394723589332	8.9896911408818	-17.1029714389456	8.71894993875612e-42	2.53628474587332e-40	84.2489256343591	CGNL1	Down
-1.39337246442986	7.24312889753117	-17.1012222878619	8.82962993008544e-42	2.56478516587863e-40	84.2363356184289	ZNF667-AS1	Down
1.23963084546564	8.6285793532109	17.0809272602267	1.02214626692969e-41	2.96481161447939e-40	84.0902410053952	TRBC1	Up
-1.00299036165621	6.84571039054642	-17.0284893569249	1.4921858489411e-41	4.30346398834613e-40	83.7126347127702	KIAA1211L	Down
1.13796927322947	7.46156761407339	17.0245833405395	1.53484807754945e-41	4.42018730236353e-40	83.6844999815036	SPIN4	Up
1.10614093072729	7.59540484550087	17.0232862200274	1.54928390876373e-41	4.45540506411995e-40	83.6751566968936	LTB	Up
-1.17340983001577	5.97236325538768	-16.9839922311711	2.05738398466623e-41	5.89141388403429e-40	83.3920649363233	CORO2B	Down
1.16405922803327	7.35673705584036	16.9831385953982	2.0701030206698e-41	5.91943906250453e-40	83.3859138143989	CCL22	Up
-1.01953603160361	10.5031872440003	-16.9776680264022	2.15350371221418e-41	6.14921258022347e-40	83.3464928841527	SDC4	Down
1.37949685832449	13.1961300884193	16.9705731080591	2.2666995282335e-41	6.46329520847144e-40	83.2953639371362	KRT6B	Up
1.03956228306087	6.10790137616513	16.9274771967607	3.09432716964757e-41	8.73682194417414e-40	82.9847255601914	GBP5	Up
-1.21145544330911	9.08622548522662	-16.9260740968869	3.12584921462734e-41	8.81349775766715e-40	82.9746098719016	FAM13A	Down
-2.22935443439016	6.32840959142165	-16.8762001550821	4.48197054553327e-41	1.25495175274932e-39	82.614959325174	MSMB	Down
1.15273131774148	9.81637152147529	16.8542765216622	5.25153598171059e-41	1.46636249514209e-39	82.4568131434836	PLSCR1	Up
1.1013501552737	8.60933568122703	16.8392113000375	5.85576080681428e-41	1.6238475160435e-39	82.3481223625527	LYN	Up
-1.35915386254527	8.72122081418201	-16.8349584515958	6.03859949708984e-41	1.66996228283904e-39	82.3174368060637	C14orf132	Down
2.45732991027835	7.57150918001755	16.7824998005932	8.82439936542413e-41	2.40414270430745e-39	81.9388384594242	WDR66	Up
1.58530886919784	9.00236580069577	16.7631552175852	1.01497898758341e-40	2.74670185004476e-39	81.7991836535131	SLC7A5	Up
1.06351678412978	8.95573476998887	16.7529694509111	1.09259761546768e-40	2.95279259184225e-39	81.7256400000198	SRD5A3	Up
2.44778177532595	5.96478941632477	16.7176306575701	1.41096118512685e-40	3.79287408859398e-39	81.4704361121602	CXCL1	Up
1.56135486506037	5.46522060907341	16.7092504090441	1.4991863161817e-40	4.00868521206306e-39	81.4099058287158	GBP6	Up
1.24490787612993	8.25986001522894	16.6805998615184	1.8446902381069e-40	4.90007980617133e-39	81.2029316762339	OTUB2	Up
1.30433221013522	6.2512902180694	16.679473730289	1.85979075171951e-40	4.93369982860886e-39	81.1947953919268	IDO1	Up
1.1779677611908	10.355298516616	16.6777139135774	1.88363667084149e-40	4.99040119566248e-39	81.1820805853598	FERMT1	Up
-1.48744291935997	8.7913350901163	-16.6687844758808	2.00943297443611e-40	5.30974252459636e-39	81.1175618734842	RGMB	Down
1.14237205119021	7.27517611243184	16.6661434709088	2.04822618190232e-40	5.40517518434562e-39	81.0984786557644	FZD5	Up
-1.23653466882064	9.06198059780149	-16.6603910812723	2.13533686378459e-40	5.6203625301282e-39	81.0569119368062	ZNF91	Down
-1.48072456457205	7.94689330012389	-16.6058629620989	3.16938081509607e-40	8.24529122360301e-39	80.6627948064954	BHLHE41	Down
1.05862035289855	6.10282892727634	16.571013789175	4.07968582050254e-40	1.05590637620904e-38	80.410821510036	CENPE	Up
1.31359399534155	6.6605960281894	16.5596689331824	4.42924673619905e-40	1.14491207567716e-38	80.328778562343	E2F8	Up
-1.06850561251965	9.40272950167808	-16.5422408790609	5.0255518730385e-40	1.29243109825352e-38	80.2027291791001	HOXC6	Down
-1.19757827085683	8.80789517926014	-16.5227868200116	5.78660095130015e-40	1.48248604067065e-38	80.0620061502117	NRN1	Down
1.18736433466521	5.81946671226864	16.4977050058607	6.94053811145728e-40	1.7691361539659e-38	79.8805425686692	NUF2	Up
1.15178789752406	5.4142273385045	16.4549461706851	9.46356557757509e-40	2.39111967309244e-38	79.5711070356804	KIF23	Up
1.1463754437102	8.53266298932193	16.4232672756008	1.19083390026528e-39	2.99757540879744e-38	79.3417893871809	EPHA2	Up
-1.41529174501898	8.68475286536465	-16.4066362135102	1.34354734027034e-39	3.36380832596067e-38	79.221378340133	CDHR1	Down
-1.00679664826011	8.46874644184992	-16.4045982408326	1.36356158229385e-39	3.40266764194663e-38	79.2066221251516	IRS1	Down
1.18727159620121	8.49685415105548	16.3590553563554	1.89762049000373e-39	4.70051073033071e-38	78.8768047126076	C12orf75	Up
1.5963297924464	8.30571626354419	16.3523613918335	1.99209696381705e-39	4.92848694920816e-38	78.8283183403993	CXCR4	Up
1.37444912717982	6.98581929370722	16.3466556590309	2.07633421517351e-39	5.1306040558045e-38	78.7869881596953	HMMR	Up
1.16075479895559	7.96591800390664	16.3230862237346	2.46380208286934e-39	6.05100200109078e-38	78.6162419577575	SLC28A3	Up
1.02121092672421	9.00734197922677	16.3210310925348	2.50083910743572e-39	6.13450059549359e-38	78.6013524102459	TAP2	Up
1.12558264275834	8.86649261137872	16.3084795369559	2.73945132652775e-39	6.70352040968997e-38	78.5104108897692	IRF8	Up
1.24812834084433	5.33773460312255	16.3050008361394	2.80952791600163e-39	6.86667670317686e-38	78.4852047354587	PLA2G2F	Up
1.11635465726148	8.00053159085606	16.2994520197544	2.92503868949339e-39	7.14034837527116e-38	78.4449975368102	SLC23A2	Up
1.33491416989074	6.66025497589088	16.268189074948	3.6705654907365e-39	8.90641539987843e-38	78.2184340727541	ZBED2	Up
1.18244874061091	8.2697716571543	16.2438838877456	4.37930751222723e-39	1.05879592882447e-37	78.0422593977619	SLC16A6	Up
-1.02787400577358	6.76041457072717	-16.2370766423227	4.60131310233356e-39	1.10848817314928e-37	77.9929121689405	BEX5	Down
1.05623493321437	8.76231015520716	16.2201281149893	5.20424380344718e-39	1.2477823504037e-37	77.8700384999758	AMPD3	Up
1.19530255700858	5.28699498956033	16.2136618006816	5.45458592183676e-39	1.30625362503014e-37	77.8231551663242	CENPK	Up
1.45396194964694	6.4766489230305	16.1769891292077	7.12029906776854e-39	1.69710268689624e-37	77.5572249198945	NETO2	Up
1.88235587212985	5.94070504801665	16.1563372989799	8.27345674221391e-39	1.96268560178395e-37	77.4074402948976	IL36A	Up
1.37419186031477	8.11397456028792	16.0958001093362	1.28478161976405e-38	3.0335872912043e-37	76.9682559439057	DHRS9	Up
-1.0539252973578	10.4039701695754	-16.067568810226	1.5775908427501e-38	3.69900161828561e-37	76.7633852769258	TGFBR3	Down
1.14691878648826	8.26917897977332	16.04719719134	1.82955684552502e-38	4.26010306775767e-37	76.6155285109891	FAM83A	Up
-1.00734793260447	9.93709700275516	-16.0446101278161	1.86431265418474e-38	4.33603039892644e-37	76.5967503099548	ZBTB20	Down
2.43294998902771	8.52250522042048	15.9418170095546	3.93879722259797e-38	8.98490828585399e-37	75.850385875051	CCL18	Up
1.01698803031577	7.06650695937847	15.9391688744201	4.01545693406508e-38	9.13912565782479e-37	75.8311521144373	CDT1	Up
-1.03151432800495	8.68753920524042	-15.9184723017379	4.6683795109096e-38	1.05774686381866e-36	75.6808198806094	FOXC1	Down
-1.69076036345181	7.40914825584885	-15.7772651617899	1.30556847428937e-37	2.91557703085773e-36	74.6546747245777	MFSD4A	Down
1.12822116428647	9.82791337455521	15.7685697820477	1.39096004184116e-37	3.09258825161776e-36	74.5914600781451	VSNL1	Up
1.26044745394564	6.87641246236183	15.7443148323294	1.65986265261495e-37	3.66221936950717e-36	74.415113543474	RIPOR3	Up
-1.55638134022645	7.0748269969986	-15.7253842107665	1.90540490346428e-37	4.19023030404542e-36	74.277462397855	LRRC17	Down
-1.28400537376778	8.43002174934105	-15.7148512707665	2.05743687239637e-37	4.5196447856298e-36	74.200867971816	ZNF273	Down
1.00549718346617	9.0714394916688	15.6906248120201	2.45479977863732e-37	5.35178163403134e-36	74.0246803278268	TGFA	Up
-1.07303088769467	11.6021732677741	-15.6694126414354	2.86531146841284e-37	6.22657781747239e-36	73.8703968038107	RORA	Down
2.3804394988584	6.87279248244902	15.6201449893005	4.10371245615825e-37	8.86999433243284e-36	73.511994840357	RGS1	Up
-1.17503374938823	10.3070477458206	-15.6070681911954	4.5143046260373e-37	9.73662198615822e-36	73.4168524564964	CRYAB	Down
-1.04747283146506	6.62541716231909	-15.5923752892326	5.02488542199158e-37	1.08262952934009e-35	73.3099449617271	SLC8A1	Down
-1.13799365413574	7.33454262413958	-15.5866774750144	5.23809246565757e-37	1.12616198825021e-35	73.2684849711264	FAM171B	Down
1.0103436946385	8.79886638607191	15.5720075654532	5.82962023609784e-37	1.24802092604818e-35	73.1617348261745	CYB5R2	Up
1.08215022486139	7.14861313084446	15.5627796656515	6.23550203694108e-37	1.33067986386645e-35	73.09458153219	RAET1E	Up
1.92583459388466	8.13379703596483	15.5561428879928	6.54478679394912e-37	1.39223242709429e-35	73.0462826447609	HAS3	Up
1.24053495296652	8.98150544623295	15.5477691525589	6.95701416277082e-37	1.47684754908536e-35	72.9853410842316	CYP4F22	Up
1.70371630516781	9.22079955850179	15.5202006964348	8.50677861410072e-37	1.7982706456698e-35	72.7846902272524	IFIT1	Up
1.25951159567135	7.98012396433101	15.518546439389	8.61006630523044e-37	1.81820103106686e-35	72.7726493232221	FAM83D	Up
-1.46753735703311	8.1274637296752	-15.4999376918509	9.86209976637802e-37	2.07824707811732e-35	72.6371952522225	PAMR1	Down
1.6053092226375	6.469971190975	15.4588978257094	1.33052828516239e-36	2.77200258213192e-35	72.3384264738303	SAMSN1	Up
1.18500103682721	6.1759206807585	15.4438592736029	1.48486499382761e-36	3.08717348047288e-35	72.2289337607723	GLB1L3	Up
-1.17514403066602	8.2274293161146	-15.4384732997913	1.54439331661032e-36	3.2043383633843e-35	72.189717945098	AR	Down
-1.03296981375309	6.67225360423815	-15.4179390974629	1.79409350246812e-36	3.70718112874374e-35	72.0401986752086	SLC2A13	Down
1.26504375456952	7.61150869975102	15.4012517427201	2.02648349885931e-36	4.17030059887581e-35	71.9186812889265	DDX60L	Up
1.3606727629316	7.23255228146336	15.3805958992576	2.35627541794098e-36	4.82439027762601e-35	71.7682545891903	SERPINA1	Up
-1.01820400561757	9.32267169685736	-15.363828230746	2.66309614608327e-36	5.4362098465779e-35	71.6461350299852	MAOA	Down
1.53998691674497	8.58108517220746	15.3638243316375	2.66317195277667e-36	5.4362098465779e-35	71.6461066317476	UNC93A	Up
1.46443998098265	5.69870593509419	15.3466775691831	3.01832224475728e-36	6.13016996752113e-35	71.5212183071684	SELL	Up
1.35405386367447	7.33923236990031	15.3353256832186	3.27914411656e-36	6.63320254760654e-35	71.438532652348	CALHM6	Up
-1.19937913678687	7.26551931841895	-15.3302685133136	3.40248677290844e-36	6.86894029714756e-35	71.4016958048164	NTM	Down
-1.57853164215824	7.15575874892525	-15.3123562322237	3.87790885951206e-36	7.78977353789349e-35	71.2712159572332	PPARGC1A	Down
1.58064682444939	8.48652959389312	15.3094694340727	3.96052000711922e-36	7.94781092482333e-35	71.2501866593553	ALDH1A3	Up
-1.42971886209943	6.81456787995524	-15.2855802574083	4.71534421007232e-36	9.4157634928724e-35	71.0761544883446	CMAHP	Down
-1.45071609436258	5.32985982638926	-15.2742023897161	5.1238817147484e-36	1.01912240450582e-34	70.9932619988443	TMEM255A	Down
-1.08479551346212	7.57305453740824	-15.2702975632563	5.27210281524491e-36	1.04654092068991e-34	70.9648129920544	SEMA3G	Down
-1.07505872878572	6.59261851894523	-15.2565309948871	5.82972581137345e-36	1.15496079175669e-34	70.8645123499755	ZBTB10	Down
-1.02067594045353	8.1399678592522	-15.2009607986568	8.74832989215942e-36	1.71968143975574e-34	70.4595934417178	FNBP1L	Down
-1.0816431756848	8.97584636601537	-15.1814711381362	1.00868889433787e-35	1.96938214689487e-34	70.3175633097702	DSG2	Down
1.36888471236708	6.09769906170298	15.1672505544363	1.11911672901112e-35	2.17866234573544e-34	70.2139262146452	AIM2	Up
-1.21032012281143	8.09106249245195	-15.1234045614821	1.54170064886213e-35	2.97835910997404e-34	69.8943580182731	PGM5	Down
-1.15526526797668	6.50161289780969	-15.1106411281887	1.69239751059365e-35	3.26323982271869e-34	69.8013254798609	C8orf88	Down
-1.11745579234511	10.0010004991016	-15.0365496015222	2.90835630468703e-35	5.55476793557444e-34	69.2612130639472	MAP1B	Down
-1.35658781175536	7.32668565419807	-15.0279084091626	3.09795744023564e-35	5.90571905604127e-34	69.1982141846077	SLITRK6	Down
1.24076173548792	9.44290660112867	15.0166515568669	3.36361704651366e-35	6.3940396360657e-34	69.1161438866975	DDX60	Up
-1.48619102323014	5.93774409566519	-15.0142170625977	3.42400325408756e-35	6.50270721481841e-34	69.0983944526639	SCN7A	Down
-1.11252312550749	7.40742407598011	-14.9433870598054	5.74625658075628e-35	1.0801250265578e-33	68.5819459941842	SOX6	Down
-1.42236411120444	12.0069141962592	-14.8995325268553	7.91809350859361e-35	1.47191962938755e-33	68.2621498909992	CST6	Down
1.04358838102561	7.09927818120861	14.8512897107688	1.12668819193841e-34	2.06966162136966e-33	67.9103255573487	ECT2	Up
-1.26037752307133	7.19805373915891	-14.8212528027819	1.40341388691279e-34	2.56167446193449e-33	67.6912596758986	LAMB4	Down
1.14074256165371	5.29792841176572	14.8128999811177	1.49180147842302e-34	2.7205499770916e-33	67.6303390227522	ST6GALNAC1	Up
1.24047362421485	7.94010720404552	14.7802341794945	1.89429832625891e-34	3.43594740435893e-33	67.3920871366248	GPX2	Up
-1.29445625233199	10.549975745943	-14.7658958823939	2.10370336346308e-34	3.79531398584385e-33	67.2875060514905	RHOB	Down
1.45117418653413	11.1935962442659	14.7400595248731	2.54120171539467e-34	4.56015824270112e-33	67.0990558461616	CALML3	Up
-2.10532967648447	6.34650421116359	-14.7244412813687	2.84867682726615e-34	5.10284718623328e-33	66.9851340485107	TMEM56	Down
1.18663370396671	9.30325702974811	14.6999321140499	3.40790276335685e-34	6.07762729564029e-33	66.8063571766413	HMOX1	Up
1.07626150163636	7.84396358015973	14.6763813104339	4.04845753225385e-34	7.19456519904408e-33	66.6345674302573	LYPD5	Up
-1.04087451217208	6.88929618792461	-14.6629041743359	4.46783143833229e-34	7.9050465448775e-33	66.5362580205681	SYT8	Down
-1.26873269309721	7.50105452531291	-14.587842575263	7.73613678750935e-34	1.35452844289886e-32	65.9887049453387	GSTA3	Down
-1.27202369207363	8.79899097086834	-14.5627579528783	9.29408825119944e-34	1.61888743412609e-32	65.8057161487081	RNASE4	Down
-1.08944177891598	8.08984829963876	-14.5551711500684	9.82442042196018e-34	1.70831524098649e-32	65.750371286164	RNF128	Down
1.16051201593121	9.45124673773784	14.540376161691	1.09472448568861e-33	1.90028356982646e-32	65.6424433515589	LGALS3BP	Up
-2.11010783512149	5.25071166377452	-14.5151669825818	1.31639238652269e-33	2.26945597772161e-32	65.4585446866412	MUC7	Down
1.83821185748663	6.10167384735437	14.5097739488534	1.36935866560334e-33	2.35473703076663e-32	65.4192029963052	CXCL2	Up
-2.01955100414431	7.34993857967527	-14.4426867252418	2.2368301617548e-33	3.80430727089351e-32	64.9298105507932	ZBTB16	Down
-1.01034189863398	7.70219567555454	-14.4403596035955	2.27523163000795e-33	3.86310985253159e-32	64.9128346673322	EFHD1	Down
-1.10276454118933	10.003373488797	-14.4311566279947	2.43366542948716e-33	4.11825965553116e-32	64.8457009702436	ITM2A	Down
-1.22925540122217	8.85784063119367	-14.396865449114	3.1274777607003e-33	5.23962830149525e-32	64.5955568973927	CAMK2N1	Down
-1.16113009929439	7.3311375708208	-14.3411610408898	4.70056392132073e-33	7.81028678548337e-32	64.189221261758	ADGRL3	Down
1.9729494294035	6.01037321769782	14.3350897150266	4.91401523888756e-33	8.15153160580626e-32	64.1449350807666	IL19	Up
-1.00988804693935	6.7506515892646	-14.3002048138924	6.3423888610399e-33	1.04352197495251e-31	63.8904784925493	CYP2J2	Down
-1.05176007352425	6.48624534466523	-14.2938541604171	6.64394915135265e-33	1.09047191436998e-31	63.8441566980828	NBEA	Down
-1.09035166175998	7.3464504617452	-14.2884526066135	6.91169822814429e-33	1.13349605060745e-31	63.8047579127046	HPGDS	Down
-1.02403623115295	6.74457717279869	-14.2077288226647	1.24738837167099e-32	2.01942874477097e-31	63.2159929075778	ENPP4	Down
1.03479299427119	9.15326061410219	14.1858488508695	1.46385955957543e-32	2.36798051191576e-31	63.0564215238565	RASGRP1	Up
-1.08234219513844	6.56959082340094	-14.1689099599283	1.65691981164666e-32	2.66958476915585e-31	62.9328895652834	PHYHIP	Down
-1.10790782582884	7.38244624350526	-14.1412384724731	2.02857211138706e-32	3.24507240766101e-31	62.7310948494598	SUSD2	Down
-1.06850346939642	8.43808196784465	-14.1256870092432	2.2729132791323e-32	3.621592208297e-31	62.6176901543089	PCDH7	Down
-1.30041912659398	5.7305413097184	-14.0852323634746	3.05537080843123e-32	4.83021345971884e-31	62.3227025663561	C1QTNF7	Down
-1.01588866674592	10.4973296395376	-14.0563725902824	3.77324726235722e-32	5.91875025116297e-31	62.1122783123931	TNS1	Down
-3.40546803674654	8.62984330820343	-14.0320672949708	4.50711907153002e-32	7.04800308412456e-31	61.9350728902731	THRSP	Down
-1.03203845901361	10.553279633458	-14.0164927736585	5.05074569761128e-32	7.86512789951131e-31	61.8215274544063	MYADM	Down
-1.08511023105369	8.36807852577166	-13.9288214738171	9.58787972724305e-32	1.46083106364968e-30	61.1824512201735	DBN1	Down
1.04365699375298	9.21451209486914	13.8753983405085	1.41683308145992e-31	2.13296243463929e-30	60.7931064351157	VSIG10L	Up
1.99721755433569	8.64268018019384	13.8574563179178	1.61536862597266e-31	2.4246142617945e-30	60.6623610583544	RNASE7	Up
-1.10444988043496	9.14857556585407	-13.8387869845004	1.85152762530546e-31	2.76673868983469e-30	60.5263241445146	RCAN2	Down
-1.11233544326011	7.80091550195074	-13.826621925259	2.02367938987056e-31	3.01505826735844e-30	60.4376863653651	FBXO32	Down
1.19351469929694	8.19460941863559	13.8227493403326	2.08177062087328e-31	3.09703649920337e-30	60.4094705088842	PHLDA2	Up
1.14768691005653	8.53706057076882	13.8154088017266	2.19649670369538e-31	3.26530747085438e-30	60.3559880366723	LTB4R	Up
-1.10501380084286	5.1089415250155	-13.8112423520636	2.26440423857971e-31	3.36130829179759e-30	60.3256323090796	ADRB1	Down
1.0029123770856	5.47855163647959	13.789244901988	2.65929317559554e-31	3.9387975516451e-30	60.1653720114943	LINC01094	Up
-1.07429338178212	10.3013297248485	-13.7256295170436	4.23283122190685e-31	6.18771880578244e-30	59.701984550168	TSC22D3	Down
-1.29817469884809	7.90904887438676	-13.7103969013223	4.73108310756781e-31	6.8911331728412e-30	59.5910447048842	IGFL2	Down
-1.08015636009307	6.94863381893686	-13.642343666494	7.77757929151514e-31	1.11594719784725e-29	59.0954987577127	ZNF573	Down
1.17344286712523	7.43867613468575	13.601627218283	1.04708170989484e-30	1.49388590525492e-29	58.7990854229746	CYP2C18	Up
1.33960321311282	8.57518499773593	13.6005143834383	1.05562515035438e-30	1.50501133724253e-29	58.7909848563464	IL7R	Up
1.02091538602568	7.67910227218764	13.599658121742	1.06224622689383e-30	1.51338227442009e-29	58.7847519710793	XKRX	Up
1.040939572709	5.48183377160127	13.5731013241332	1.28955534424734e-30	1.826915318573e-29	58.5914531451286	FCGR1B	Up
-2.09074692322091	6.25370100370035	-13.5713270358306	1.30636976303317e-30	1.84814245102409e-29	58.5785395466943	SCGB2A1	Down
1.19904788445061	10.7024384254832	13.5554154943227	1.46729837800613e-30	2.05850032350157e-29	58.4627375564301	ID1	Up
-1.00014969963878	6.84035590479655	-13.5374370168258	1.67309364235274e-30	2.32619934241164e-29	58.3319039998463	CAMSAP3	Down
-1.25519662170796	11.7032180464423	-13.4726516283419	2.68464131763161e-30	3.6769022334021e-29	57.8605489141309	POSTN	Down
1.1120457590461	6.75545793030489	13.4549513139562	3.05480843357192e-30	4.15569222755727e-29	57.7317969704651	FPR1	Up
-1.05105842662878	9.06912735159708	-13.4465134047546	3.24881163086635e-30	4.41663361642625e-29	57.6704242335957	LIFR	Down
-1.34571040766348	6.87768273870771	-13.4461396840125	3.25768330241295e-30	4.42349242711363e-29	57.6677060618123	PLCB4	Down
-1.3679458180615	8.05105432944708	-13.4413570318223	3.37337799904724e-30	4.57058758689703e-29	57.6329210575643	EPCAM	Down
1.38602869432594	6.54213797581686	13.4216511651663	3.89501037815981e-30	5.25618111726539e-29	57.4896072690193	FCGR3B	Up
-1.08009477356928	6.93731536308487	-13.3954443139084	4.71565892802807e-30	6.32556295275952e-29	57.2990399246876	PLA2R1	Down
-1.05461163783927	9.34821902152703	-13.3745318002327	5.49279189009794e-30	7.3338943569641e-29	57.1469928164143	SDC2	Down
1.28732794361449	10.6006051088777	13.3587528293369	6.16276765439405e-30	8.17974710104584e-29	57.0322827470969	C15orf48	Up
-1.11260064666499	7.98505514984888	-13.3379916116277	7.17024193240924e-30	9.46097020467175e-29	56.8813700038783	CAB39L	Down
1.09205632082086	9.22414350883582	13.3052342680868	9.10482727350792e-30	1.18969743040504e-28	56.643298600972	AMMECR1	Up
1.02385407787565	7.74157640154883	13.2362938699499	1.50497573888388e-29	1.94137062086823e-28	56.1424283988556	ANGPTL4	Up
-1.32494644242421	7.73582316042012	-13.1912924257795	2.08904591203052e-29	2.6845104310676e-28	55.8156107339555	CHL1	Down
-1.82772112643056	10.1203798400993	-13.1512473592564	2.79669498702488e-29	3.56212482006677e-28	55.5248782543036	SERPINA12	Down
-1.04914757710398	8.23581381524201	-13.1196871038849	3.51943494931142e-29	4.45736215537635e-28	55.2958083873941	FRZB	Down
1.32030172816865	7.99154538490146	13.0900574908097	4.36690504336321e-29	5.48252978951595e-28	55.0808024046952	CYP2E1	Up
1.16857134019508	7.56871712434061	13.0759501367892	4.83927009298089e-29	6.0567380432175e-28	54.97845070358	ANLN	Up
-2.01543278642099	9.14516028493617	-13.0693287878253	5.07825319386085e-29	6.35190678300265e-28	54.9304154688234	TSPAN8	Down
-1.41802702688211	11.2003229169009	-13.0494631837987	5.86835773728246e-29	7.31750500310428e-28	54.7863139233042	KRT15	Down
-1.11902806824993	7.80384173477681	-13.0473779314776	5.95810652969485e-29	7.42025013087475e-28	54.7711892297382	LMOD1	Down
-1.2809576031653	8.42353951560164	-13.0320193817056	6.66277159206927e-29	8.27232674666017e-28	54.6597990333194	CLMP	Down
1.52712652134634	6.77117879537314	12.9996488977954	8.43248828744033e-29	1.04055668427167e-27	54.4250739837634	PI15	Up
-1.01994309448494	7.87555543437338	-12.9354328290681	1.34530677976586e-28	1.64003944866626e-27	53.9596231713263	SGCE	Down
2.09280212090114	7.72928410145816	12.9033296602137	1.69902175801109e-28	2.06005112616985e-27	53.7270324370962	IFI44L	Up
1.76103814169356	7.76838290688549	12.8381568859461	2.72848138635215e-28	3.25739693836056e-27	53.2550609446658	PLAT	Up
1.25988619734647	8.6931573031943	12.8315980712554	2.86165872984375e-28	3.41034040366504e-27	53.2075791038875	EREG	Up
1.06820715190912	8.88463350895726	12.8258591344426	2.98350319626734e-28	3.54717093794141e-27	53.1660351429671	KRT78	Up
-1.35442779866799	8.29945785160667	-12.7843076674046	4.03469094362922e-28	4.73560120755737e-27	52.8653149186905	CD207	Down
-1.06383529488182	8.51746480550198	-12.7645573301646	4.65693123225678e-28	5.44063239101851e-27	52.7224193054146	ZNF423	Down
1.02323304308487	9.50517327609776	12.758681649237	4.85991437650923e-28	5.66466232291965e-27	52.6799136615146	LDLR	Up
-1.25472151393778	8.20825339069382	-12.7543279500777	5.0159965210549e-28	5.83984646868837e-27	52.6484199161603	NCALD	Down
-1.11595228619508	6.76334257935058	-12.7419702607521	5.48683518876759e-28	6.3733158107503e-27	52.5590345911133	GPC6	Down
-1.44084087758729	7.89951185052104	-12.7264861352138	6.13957111599646e-28	7.11513557346364e-27	52.4470511942371	OSR2	Down
1.25775091022728	5.23666845772573	12.7003018245489	7.4245755176091e-28	8.5503326040783e-27	52.2577234812374	PLAC8	Up
-1.03532337212588	5.82728486653675	-12.6939948557311	7.77227597084947e-28	8.93037605574895e-27	52.2121282189555	PCDHB16	Down
-1.03603883519777	11.5407760081657	-12.6851457588932	8.28770548007594e-28	9.50637489953256e-27	52.1481601640265	FHL1	Down
1.20039107306736	8.14448663428582	12.6827577015191	8.43255846836308e-28	9.65606865339273e-27	52.1308984854367	MX2	Up
1.37826966940715	5.70860622463688	12.6802906684851	8.58485745245294e-28	9.81376569932729e-27	52.1130664056815	LIPG	Up
-1.19003493029172	7.25939862517208	-12.6565077775389	1.02015043907099e-27	1.1563614297566e-26	51.9411843459319	MEOX2	Down
-1.15744812854166	8.73229074139048	-12.6451437561706	1.10780101482102e-27	1.25079904290866e-26	51.8590706824088	ISM1	Down
-1.23842611125299	6.06681080712267	-12.6156785843801	1.37170281729706e-27	1.53588111345496e-26	51.6462101377336	CRISPLD1	Down
-1.57581275215681	7.48583367308057	-12.6088692409485	1.44112459510253e-27	1.60559731379303e-26	51.5970283633291	FGFBP2	Down
-1.14191373195076	10.9816881765522	-12.5598107318459	2.05652258841416e-27	2.25513731748534e-26	51.2428055643904	SCEL	Down
-1.13520479081741	11.0249685186409	-12.5423024946527	2.33468546663861e-27	2.55184787225231e-26	51.1164369936234	TIMP3	Down
-1.6502039290876	7.50595505053763	-12.4794058820375	3.68183475965841e-27	3.95156194194492e-26	50.6626849375687	FADS2	Down
-1.03650586440339	8.66615999191468	-12.4220147014483	5.57777611987247e-27	5.92030201408967e-26	50.2489514486502	LRRN4CL	Down
-1.39927856311284	7.4590545278697	-12.4187520029189	5.71101201256342e-27	6.05535244273268e-26	50.2254394662823	PPP1R1B	Down
-1.0769230988466	8.72804855761887	-12.3963591969433	6.71528975907338e-27	7.08668424757833e-26	50.0640962714397	FCGBP	Down
-1.13636052335847	8.6890072285055	-12.3800522675538	7.55587281672578e-27	7.93641833631946e-26	49.9466315059153	RBMS3	Down
-1.07000438198078	7.32414619010154	-12.3318138775022	1.07088276859915e-26	1.11380635406901e-25	49.5992975442854	PRUNE2	Down
-1.74765156318356	8.73651894533515	-12.3182743241193	1.18096463264396e-26	1.22451535715543e-25	49.5018472965738	AGTR1	Down
-1.23971958131089	7.06125696033441	-12.2950314151068	1.39691474242249e-26	1.44176456135099e-25	49.3345986135593	HMGCS2	Down
-1.19212853159375	7.11963860602966	-12.2913234308519	1.43483866463048e-26	1.47939340968132e-25	49.3079219470276	PAPLN	Down
-1.21161034198008	8.22285304574173	-12.2685875718717	1.69091203965926e-26	1.73809227375974e-25	49.1443807160564	FIBIN	Down
-1.17691803888504	6.19010939637644	-12.2429653868695	2.03454798736069e-26	2.08177672421884e-25	48.960138804479	AFF3	Down
-1.13670857980484	6.90603195133192	-12.2383353170148	2.10370204862967e-26	2.1503563016575e-25	48.9268522322338	ATP1A2	Down
-1.02147623883158	9.41305524757791	-12.2201403693983	2.39894846912642e-26	2.44225777583077e-25	48.7960656251775	SORBS1	Down
-1.00121507789094	5.09557698995031	-12.2056467956453	2.66345250149535e-26	2.70335742082393e-25	48.6919086509097	TCEAL7	Down
-1.103059608356	7.53947445885259	-12.2047988658357	2.67979867232732e-26	2.71721625298563e-25	48.6858157271187	MIR100HG	Down
-1.0709244370381	7.35672164888624	-12.1864255937133	3.05965383549272e-26	3.08225008138358e-25	48.5538099097654	PNPLA3	Down
-1.0412325757936	8.7099535837295	-12.1367763440113	4.3769352602349e-26	4.35922886204352e-25	48.1972710672687	MSRB3	Down
-1.1235444718933	9.40871085492614	-12.1258531510349	4.73550830913815e-26	4.70243195990561e-25	48.1188645931288	TMEM47	Down
1.16177023564718	6.43406080117547	12.0569479678212	7.779698756137e-26	7.59828536472635e-25	47.6245589588109	PGBD5	Up
1.38899048182853	6.87769293616629	12.0437926082707	8.55264238330531e-26	8.31699154307166e-25	47.5302449685512	HSD17B2	Up
-1.16015739427035	5.82829325271357	-12.0392434268618	8.83739024516222e-26	8.58149274984776e-25	47.4976352187961	ESRRG	Down
-1.09647093292743	8.65863277923206	-11.9902037700572	1.25774917821674e-25	1.20911620999236e-24	47.1462524737313	CD34	Down
-1.23491767719083	8.04086112683679	-11.981591954272	1.33812966563145e-25	1.28394304609162e-24	47.0845744142026	CES1	Down
1.13645433362932	8.05451911285165	11.93792456366	1.83174814012095e-25	1.74102313807729e-24	46.7719582250164	STS	Up
-1.07395126763901	10.7428045820322	-11.9270790072261	1.9802543459871e-25	1.87951926360073e-24	46.6943487912096	IGFBP5	Down
-1.1205075317549	8.07336973013985	-11.8696640286527	2.9912403405238e-25	2.8047914535297e-24	46.2837255288841	PTN	Down
-1.19357283094912	7.15892877685876	-11.8413190002226	3.66628210401186e-25	3.41554698273149e-24	46.0811517126644	WFDC3	Down
-1.30028369306333	7.95706107954747	-11.8362099726186	3.80321275939039e-25	3.5398459744847e-24	46.0446493339979	SSPN	Down
1.30559217927266	7.59412604116032	11.8185767416622	4.31621414933388e-25	4.00256000214756e-24	45.918690055131	VMP1	Up
-1.07734989058305	6.53709107541731	-11.7644021955315	6.36552161842455e-25	5.8492103064522e-24	45.5319466171426	NAP1L3	Down
-1.06763097642412	10.4096692416536	-11.750399914801	7.03753550795468e-25	6.45203300792866e-24	45.4320465093608	CRIP1	Down
-1.02594209955691	6.70144543618649	-11.7019603997819	9.95691205731644e-25	9.07085472080796e-24	45.0866452205329	CAVIN2	Down
-1.08584613196314	5.22172981851909	-11.7016940035246	9.97592404390927e-25	9.08407553443574e-24	45.0847465009404	CNKSR2	Down
-1.00088996056154	8.72938032539978	-11.6846070523541	1.12741468015596e-24	1.02339242639337e-23	44.9629798449463	PRELP	Down
-1.85426391334793	8.21012021419832	-11.667145599683	1.27750456427952e-24	1.15547769460909e-23	44.8385838988121	PDK4	Down
1.49500516714513	4.89115734615237	11.6485244609971	1.45957982469439e-24	1.31310149291133e-23	44.705970676716	TNIP3	Up
-1.01823495176262	7.14961278911978	-11.6247875338327	1.72966915315827e-24	1.54575302629302e-23	44.5369915818042	IRX1	Down
-1.00799579802987	9.30453198033958	-11.6097922877135	1.92542873426137e-24	1.7146252883665e-23	44.4302820273566	INSIG1	Down
-2.87915548415146	6.99800955213644	-11.5465192549312	3.02599856334559e-24	2.66066459045387e-23	43.9803545609214	PM20D1	Down
-2.39381089530375	6.80824161499104	-11.5412016954332	3.14310693541802e-24	2.75882794835735e-23	43.9425671652405	ELOVL3	Down
1.19670878370409	7.98223390426943	11.495817216939	4.34545993047794e-24	3.77967018856048e-23	43.6202195367126	SERPINB9	Up
-1.01451289344421	7.15559971866506	-11.4636655365215	5.4654026227616e-24	4.72326832826675e-23	43.392036125461	CDH19	Down
-1.07521787184766	7.34058621903265	-11.4541307220554	5.8498328061255e-24	5.05117299786405e-23	43.3243952464713	NTN4	Down
-1.0351241059342	9.68054660931731	-11.4481371524181	6.10516934907599e-24	5.26039943743688e-23	43.2818830292316	APOE	Down
-1.97359163353902	7.50942820689728	-11.44332542799	6.3181770052508e-24	5.43465519309771e-23	43.2477573790972	FAR2	Down
-1.13880290637225	8.46144929117582	-11.4269997481533	7.09766438433498e-24	6.08440121405328e-23	43.1319977398075	KLF9	Down
-1.38370205285351	8.54535641394951	-11.4199721703475	7.46206465251192e-24	6.37782223560163e-23	43.08217966562	MAMDC2	Down
-1.15546875285789	10.5219497406664	-11.3317827975069	1.3978557202097e-23	1.17582963664973e-22	42.4576342135707	MYH11	Down
1.04500873149158	4.69906582077878	11.2606991533042	2.31651310790722e-23	1.91898919254949e-22	41.9550895712291	LINC01215	Up
-1.08812718950932	8.10874996124572	-11.157211219854	4.82639640618288e-23	3.92251572657086e-22	41.2248764689845	CNN1	Down
-1.17989568219385	8.15279484484706	-11.1509772162733	5.04433195125277e-23	4.09469133220309e-22	41.1809443545006	APOC1	Down
-2.42494939659988	7.22192717787861	-11.1275100140986	5.95639482234002e-23	4.80030733227147e-22	41.0156240556504	GAL	Down
-1.00850041240803	8.79874248618654	-11.1001126186462	7.2310947755541e-23	5.78831646823498e-22	40.8227317514426	PPP1R3C	Down
-1.05482392519054	6.51691218515003	-11.0878570448068	7.88608364117557e-23	6.29763673054005e-22	40.7364864564983	ADGRD1	Down
-1.17495366837492	7.2379658815355	-11.0684481997267	9.04642519814416e-23	7.20715200868723e-22	40.5999535440314	NOVA1	Down
-1.42697528714465	4.31897874226475	-11.0104555694983	1.36284877798628e-22	1.07222101052171e-21	40.1923814403426	AGR3	Down
-1.26765378741889	8.35122975863202	-11.0014702130598	1.45211494360333e-22	1.13978602182986e-21	40.1292840444992	GXYLT2	Down
-1.20193541319435	7.90991279491577	-10.9613080522404	1.92790642533051e-22	1.49809757176953e-21	39.8474271955125	GALNT16	Down
-1.15950012357155	7.65518473806847	-10.9437605942061	2.18185983772124e-22	1.69152789569571e-21	39.7243685240093	DES	Down
-1.1485344127306	6.90473332989819	-10.9034783393329	2.89807565002607e-22	2.22288568475404e-21	39.4420797947471	UBE2QL1	Down
-1.01019493058914	9.63034409007428	-10.8798815992028	3.42192872631243e-22	2.61475765052215e-21	39.2768545458305	SYNPO2	Down
-1.5260040803233	7.67093301344063	-10.877282434907	3.48511343534893e-22	2.66001777061718e-21	39.2586612605058	GREM1	Down
-1.2974862503256	5.98460179133292	-10.834651212482	4.70405983470684e-22	3.55144203227605e-21	38.960432793398	HAO2	Down
1.03439842037911	5.62492790760962	10.8069391843218	5.71570948531681e-22	4.28635746989509e-21	38.7667515800515	HTR3A	Up
-1.51132044212774	7.0137459827987	-10.7698167288378	7.41825815529869e-22	5.52415328805496e-21	38.5075246772715	CYP4B1	Down
1.09440706077337	10.3051026678686	10.7505600843165	8.49173898440206e-22	6.29336367904218e-21	38.3731573710021	CRCT1	Up
-1.03191998393642	10.9943369936059	-10.7234355593354	1.0271247654409e-21	7.57326324496749e-21	38.1840099440508	FBLN1	Down
1.23449097634744	4.93092334201408	10.7085577311257	1.14003747341423e-21	8.38436302851969e-21	38.0803222767112	SOST	Up
-1.17645513919381	8.37869031064002	-10.6486738331266	1.7340321446294e-21	1.25968481237058e-20	37.6634091429609	CRAT	Down
-1.23546009982962	6.56510907644724	-10.6273285346003	2.01330119928131e-21	1.45470739481357e-20	37.514972716837	ATP6V0A4	Down
-1.71232294239086	7.24268346176583	-10.5879503585798	2.6512425943668e-21	1.90136005311108e-20	37.2413724625274	OGN	Down
-1.1091510249789	9.62074576545254	-10.5716043876357	2.9718930271045e-21	2.11852317906729e-20	37.1278917777297	TPM2	Down
-1.21907842454515	7.48634263995307	-10.5679082094812	3.04959395007379e-21	2.17161208691674e-20	37.1022388213023	C7	Down
-1.9716245389555	5.39315217073665	-10.5606486387831	3.2081427355482e-21	2.28147039214889e-20	37.0518625549523	HSD3B1	Down
1.00273482980987	5.85842687655782	10.4988586514021	4.93657213706875e-21	3.47366742081366e-20	36.6235199630071	CLDN17	Up
-1.29554699896141	9.75950342376149	-10.4025690294167	9.64815605876566e-21	6.64994791786825e-20	35.9576029618815	ACTG2	Down
-1.1521296670626	9.4447042202762	-10.3665073183997	1.23943500278187e-20	8.45899724008127e-20	35.7087163568708	SYNM	Down
-1.37978370935216	7.52779792881734	-10.3626035305546	1.27348095952991e-20	8.68548432803711e-20	35.6817904951442	SLC46A2	Down
-2.14989218101744	8.9645844587304	-10.3274201641086	1.62553783520368e-20	1.09974389467466e-19	35.4392676780747	FABP7	Down
-1.50411951670989	8.66518282188672	-10.292797953817	2.06633509952647e-20	1.39096942278227e-19	35.2008783876977	FOS	Down
-1.25169276218727	9.09595481104957	-10.2671950326974	2.4671052620393e-20	1.64974895760349e-19	35.0247620120517	IGFBP6	Down
-1.31763640247767	8.25223989159585	-10.2666990462306	2.47558868910538e-20	1.65487365747216e-19	35.0213516855922	LYVE1	Down
-1.98933230237806	7.95115462413721	-10.2594778801477	2.60244103041013e-20	1.7379450718465e-19	34.9717063082729	ACSBG1	Down
1.49222934690892	5.65206471981216	10.2427826853343	2.92104195395022e-20	1.94107949197983e-19	34.8569720454465	ZIC1	Up
-1.1755046393665	8.1351691850961	-10.2393320989236	2.99158286570386e-20	1.98599391295066e-19	34.8332664425248	PDGFD	Down
1.06116881612088	10.2673912083893	10.1804400609226	4.4936547358471e-20	2.95498051489515e-19	34.4290942840152	CD36	Up
-1.00220706614528	6.92527136447787	-10.1793510339359	4.52755872354576e-20	2.97533709345514e-19	34.4216278407212	SERHL2	Down
1.05992338691523	8.65345474306178	10.1726231776364	4.74273133231913e-20	3.11167566255634e-19	34.3755072616415	HBEGF	Up
-1.09988797852268	9.2099900334583	-10.105689695778	7.52316309259988e-20	4.87881839105064e-19	33.917239948761	DCLK1	Down
-1.09999104095364	5.80544736554633	-10.1034808755073	7.63845214661112e-20	4.95040359344415e-19	33.9021349103952	MOGAT1	Down
-1.20841450078465	6.60441519315775	-10.1025888140028	7.68551009758706e-20	4.9777054170705e-19	33.8960348657247	FA2H	Down
-1.06462630630641	7.82391039592683	-10.0534147749627	1.07791766650503e-19	6.89293691840467e-19	33.5600678097793	NEGR1	Down
-1.14904678680494	8.34250317130135	-9.94577186271196	2.25597507009472e-19	1.40784002210424e-18	32.826665293169	PDGFRL	Down
-2.32886618904526	11.0509225793355	-9.90728809250431	2.93574588337997e-19	1.81967571058258e-18	32.5651561227473	PIP	Down
1.05316431540053	5.46747618968935	9.88310531906676	3.46351669295321e-19	2.13631148785027e-18	32.4010163973877	IL20	Up
-1.07264255233777	9.145558327568	-9.8796680135057	3.5458282228918e-19	2.18441196715715e-18	32.3776977723084	HLA-DQB2	Down
-1.35835351541407	7.11155391533717	-9.85564273580278	4.17810501965925e-19	2.55908932454129e-18	32.2147942703388	RHPN2	Down
-1.35392855134982	11.1420007227915	-9.85094879247479	4.31414745828963e-19	2.63921239054397e-18	32.1829841010835	APOD	Down
-1.15999665271646	10.6207583104214	-9.80064065068724	6.07981963712892e-19	3.68365542720164e-18	31.8424076571728	MGST1	Down
-1.0416983428272	8.42860544175332	-9.77248472015717	7.36478907805191e-19	4.43954499575133e-18	31.6520828088416	KRT18	Down
-1.07490173425008	9.95863615814887	-9.74259760915787	9.02517345226233e-19	5.40974470469928e-18	31.4502822591385	CFH	Down
1.17890502222368	8.07523003708111	9.73471500608159	9.521969475492e-19	5.69737758658069e-18	31.397097319136	ACP5	Up
-1.03317579879304	9.38200002402585	-9.67462887604	1.43182232069515e-18	8.46183519033771e-18	30.9922303630991	ABCA8	Down
1.78403025315513	5.33424157091973	9.57997214967444	2.71744101714799e-18	1.58097116006293e-17	30.356397606263	MMP1	Up
-1.26330023962776	6.6586091524537	-9.57008727418313	2.90509728269778e-18	1.68383875805635e-17	30.2901399852907	GABRP	Down
-1.4951472367534	8.86905528865478	-9.56990422179715	2.90869121183086e-18	1.68543795018489e-17	30.2889132530771	CA6	Down
-1.11506041642063	7.49347049655053	-9.50704672139338	4.44472243278632e-18	2.54336894764995e-17	29.868223487378	PCP4	Down
-1.20030648309896	7.01337364447075	-9.48627542525823	5.11204397221949e-18	2.91119728381289e-17	29.7294502582483	LOC100130476	Down
1.24324703661841	4.77087304493964	9.41920802824783	8.02412415414299e-18	4.50100078977046e-17	29.2822114682086	CXCL11	Up
-1.09172020770824	9.51186700830379	-9.39608967826755	9.37058376493266e-18	5.22145583898594e-17	29.1283468845502	PSAPL1	Down
-1.26443291187621	7.4719371206173	-9.39401615972795	9.50180064470468e-18	5.29165107352546e-17	29.1145541285822	DNER	Down
-1.13376530181986	7.50003017798471	-9.38437550042371	1.01362696914319e-17	5.62791563615586e-17	29.0504422556092	DKK2	Down
-1.71883944661052	7.16972230002308	-9.3788224459743	1.05206541759874e-17	5.83331410340109e-17	29.0135258935521	KRT79	Down
-1.07059445911255	6.77711910740654	-9.35644136455098	1.22223450593064e-17	6.75162005033166e-17	28.864829366872	MYOCD	Down
-1.18566133091678	10.0886709551439	-9.2817019500612	2.01438407734873e-17	1.09612899605165e-16	28.3693446243427	SCARA5	Down
-1.08702633829628	6.58905167094612	-9.22807711743176	2.88004616006974e-17	1.54757444448996e-16	28.0148702819905	CDO1	Down
-1.24003421565206	6.06095221643511	-9.21365389799075	3.17026960027114e-17	1.69810036323358e-16	27.9196779523425	GLDC	Down
-1.13331348584754	9.6059803818886	-9.21139365022936	3.21831130913855e-17	1.72329817694887e-16	27.9047662210361	MYL9	Down
-1.02611577966938	7.54642948113111	-9.21040467968944	3.23955872698958e-17	1.73383381708551e-16	27.8982420903512	C2orf40	Down
1.23073865786692	9.17126316505724	9.18814447719999	3.75644997561619e-17	1.99960823547008e-16	27.7514733248007	DIO2	Up
-1.0092873760508	6.64190414193613	-9.13054513541382	5.50604386520572e-17	2.89997426430402e-16	27.3724126013551	KIAA1324	Down
-1.44756703985792	10.0105424394159	-9.12060505430833	5.88103716686594e-17	3.0933549064786e-16	27.3071015537762	ADH1B	Down
1.27073409488023	6.68328135600516	9.1205700850701	5.88240018128164e-17	3.0933549064786e-16	27.306871843935	SELE	Up
-1.26408141890979	12.6721307361817	-9.09756601002715	6.85056123552489e-17	3.57917003682134e-16	27.1558433674023	FLG2	Down
-1.01320881674173	8.35900807625737	-9.04905232510007	9.4416529771799e-17	4.88738693085404e-16	26.83788539181	FASN	Down
1.07759834782864	9.46594615974307	9.02085544109666	1.13731376464527e-16	5.84970453010415e-16	26.6534284200662	CCL19	Up
-1.09677375342676	7.38571943862204	-9.0122409820964	1.20379965476991e-16	6.17750570170184e-16	26.5971257386098	OMD	Down
-1.04949303105901	5.76339383513913	-8.96057107442036	1.69176227735736e-16	8.5898633941877e-16	26.2599241782862	TMPRSS11E	Down
-1.14930073694177	9.01772840801731	-8.81650723709959	4.34961758531176e-16	2.14904747460288e-15	25.3244011841503	SPRR4	Down
1.22336939269573	7.04807125436703	8.70823501249814	8.80537343398774e-16	4.24965046343162e-15	24.6259241688372	SOCS3	Up
1.01869686828905	9.06367739510104	8.67638193806427	1.08277020022594e-15	5.19832694462813e-15	24.4212095754503	CCL2	Up
1.01866008928724	6.97007247261907	8.61138993169289	1.6492090574078e-15	7.83025222270662e-15	24.0046257459391	AREG	Up
1.01730125401218	4.87429259936914	8.60850610435475	1.68023387601997e-15	7.97192984467477e-15	23.9861758602565	CYP4Z2P	Up
-2.02000953108176	9.79019710902602	-8.55073703243517	2.43920214945777e-15	1.14570993469645e-14	23.6172153167996	SCGB1D2	Down
-1.35169761714969	8.26979847360763	-8.44351733284394	4.85682681679836e-15	2.24164654269605e-14	22.9356426430821	KRT19	Down
-1.23596866112091	8.29526922404079	-8.43377536240303	5.16941742274311e-15	2.3793935004637e-14	22.873925375209	LPL	Down
-1.12741484497186	8.32591597623396	-8.35092328227091	8.77454087707714e-15	3.98157858454559e-14	22.3504804987479	PLN	Down
-1.0580341734402	8.7475903409366	-8.22448432379899	1.95788414979597e-14	8.67554109220394e-14	21.5567123016221	CYP1B1	Down
-1.05725262496229	10.1325007716191	-7.98148110722283	9.00108039401872e-14	3.8159137126092e-13	20.0489185599914	WISP2	Down
-1.05675344977805	9.009627190837	-7.91545355388986	1.35697053036222e-13	5.67291800930887e-13	19.6433992164125	CHRDL1	Down
1.01236706215349	9.58277884848513	7.83084162546086	2.2903770462606e-13	9.43948202150841e-13	19.1264234963148	S100P	Up
-1.16175494173949	9.16678702131164	-7.70386340158549	4.99655039699291e-13	2.01097207764141e-12	18.3563626855576	CILP	Down
-1.06281134656833	5.98189583120864	-7.6921648835274	5.36701835190323e-13	2.15277898844074e-12	18.2857710726681	LHX2	Down
-1.35655813672234	6.9775146259616	-7.68291061189076	5.67920991084383e-13	2.27123394770434e-12	18.229971402406	RBP4	Down
1.10503935024083	8.37259436495814	7.62083299025256	8.29072389719616e-13	3.27668625756844e-12	17.8566502766119	SERPINA3	Up
-1.34472734594218	6.98149516045712	-7.3200517069877	5.06214142715267e-12	1.8903905129737e-11	16.0726893082081	LGR5	Down
1.14748745636504	7.94281340670543	7.24911647885974	7.71016987244342e-12	2.84557421178954e-11	15.6581580679648	COMP	Up
-1.11566654576094	7.97293610849603	-7.10458399131674	1.80397387233345e-11	6.50681160169155e-11	14.8211120647894	PCOLCE2	Down
-1.06525540789084	6.73423870223692	-6.90236671814985	5.82701489494054e-11	2.02855279701776e-10	13.6675184528036	SLC1A6	Down
-1.00144600735876	8.7145452261759	-6.73999302453061	1.47221956639419e-10	4.96926410405716e-10	12.7565147226518	CYR61	Down
-1.11514592079317	8.40264768441427	-6.28422087422032	1.84512543393485e-09	5.7724147311757e-09	10.2759939197238	PLIN1	Down
-1.01696877591231	8.18064664420415	-5.97020647275411	9.85685078154676e-09	2.908361642471e-08	8.63646699142515	KRT31	Down
-1.02824622714216	10.706539714909	-5.97012643526194	9.86099043331562e-09	2.90915789665024e-08	8.63605665104915	FABP4	Down
-1.34177608446173	7.84162517299559	-5.77524828411683	2.71062952359944e-08	7.72912271503185e-08	7.64867963380357	ADIPOQ	Down
-1.36945719533146	11.6604730830584	-5.62775249541814	5.73952742007352e-08	1.59117153453765e-07	6.91725822775585	SCGB2A2	Down
1.14653776562669	5.28868540665713	5.56349584556055	7.92514050769696e-08	2.16616215230688e-07	6.60298690129734	HORMAD1	Up
-1.08379254504364	12.7076314997967	-4.831470970659	2.59673809110657e-06	6.22378589377413e-06	3.21921211688559	DCD	Down
