"sample","PC1","PC2","PC3","group","database"
"GSE13355|GSM337197",-32.6095320079426,-10.6834936627214,17.8648156779761,"NN","GSE13355"
"GSE13355|GSM337198",-35.6877373207655,-6.1450446051128,35.2241871859409,"NN","GSE13355"
"GSE13355|GSM337199",-43.3302306479165,-7.92422560518567,15.0712518260747,"NN","GSE13355"
"GSE13355|GSM337200",-49.6508099689117,-1.74987474352363,32.4196049080453,"NN","GSE13355"
"GSE13355|GSM337201",-50.4041301725731,-4.78008365319635,10.7520085109546,"NN","GSE13355"
"GSE13355|GSM337202",-34.2885757888543,-10.2565140964211,33.858578847076,"NN","GSE13355"
"GSE13355|GSM337203",-31.6758928665373,-6.03219313412585,26.270753500217,"NN","GSE13355"
"GSE13355|GSM337204",-45.8608114209671,-2.27223518837555,46.2677364363874,"NN","GSE13355"
"GSE13355|GSM337205",-34.9299127235263,3.94159310433586,28.6746937125221,"NN","GSE13355"
"GSE13355|GSM337206",-50.0681345726918,-9.98876008243911,27.920675691311,"NN","GSE13355"
"GSE13355|GSM337207",-42.3567591487363,-14.4176999588913,12.2527931445329,"NN","GSE13355"
"GSE13355|GSM337208",-27.0569927311637,-6.92787180706865,38.1486192966864,"NN","GSE13355"
"GSE13355|GSM337209",-30.4030804436829,-14.3772419207529,39.2897065901151,"NN","GSE13355"
"GSE13355|GSM337210",-39.4832458662628,-5.31293028587889,22.4947621011263,"NN","GSE13355"
"GSE13355|GSM337211",-36.0133461597774,-0.760409963943984,32.2203883230061,"NN","GSE13355"
"GSE13355|GSM337212",-43.5048750590797,-6.35507591297599,25.632634754878,"NN","GSE13355"
"GSE13355|GSM337213",-34.0079163311202,-9.5377129408955,18.6206594049019,"NN","GSE13355"
"GSE13355|GSM337214",-41.184583346831,-14.8356394994056,25.8444822953964,"NN","GSE13355"
"GSE13355|GSM337215",-38.578390831565,-6.17176649251662,17.2044029862882,"NN","GSE13355"
"GSE13355|GSM337216",-24.1635179904966,10.5895937504775,41.9359662578255,"NN","GSE13355"
"GSE13355|GSM337217",-42.4462978369891,51.284460403642,-7.44602354149089,"NN","GSE13355"
"GSE13355|GSM337218",-52.5214319705916,53.6177342237186,-3.91909715622941,"NN","GSE13355"
"GSE13355|GSM337219",-46.1948334050135,62.9701088695819,-11.7573410102515,"NN","GSE13355"
"GSE13355|GSM337220",-55.4052581743006,36.8471263917341,-3.2897203891807,"NN","GSE13355"
"GSE13355|GSM337221",-36.2236647864789,33.3687966983727,13.2370779341368,"NN","GSE13355"
"GSE13355|GSM337222",-49.3901891981099,35.9515269624815,-13.8718736525851,"NN","GSE13355"
"GSE13355|GSM337223",-28.3297412657477,27.2485790883058,2.49181342957469,"NN","GSE13355"
"GSE13355|GSM337224",-50.8043764933395,45.0086397132743,1.34670555425784,"NN","GSE13355"
"GSE13355|GSM337225",-49.5169917347728,41.6562162169336,-7.35209606503087,"NN","GSE13355"
"GSE13355|GSM337226",-39.2898340457688,40.9742078662395,-12.3986918338164,"NN","GSE13355"
"GSE13355|GSM337227",-38.8412924466677,43.4999135469003,4.51278634124742,"NN","GSE13355"
"GSE13355|GSM337228",-35.8099100038259,44.1743342519815,16.7740823962555,"NN","GSE13355"
"GSE13355|GSM337229",-46.6781056979227,32.2688109147551,-17.7669826058211,"NN","GSE13355"
"GSE13355|GSM337230",-40.1449660080112,40.3346129595219,-6.66878482631907,"NN","GSE13355"
"GSE13355|GSM337231",-43.5180422600058,38.9500462759795,-2.80795656591666,"NN","GSE13355"
"GSE13355|GSM337232",-46.8386254709649,38.2787464289013,-6.69139672074825,"NN","GSE13355"
"GSE13355|GSM337233",-46.5754041577558,37.6375800157813,2.8020771188847,"NN","GSE13355"
"GSE13355|GSM337234",-46.1114468931757,41.8685775401,1.97117852766569,"NN","GSE13355"
"GSE13355|GSM337235",-40.0325850717632,47.1171240138089,16.9785652402329,"NN","GSE13355"
"GSE13355|GSM337236",-40.3130686823437,-35.9080327476709,-4.57249386148793,"NN","GSE13355"
"GSE13355|GSM337237",-52.3516757875761,-42.6263420231672,-18.5083561732931,"NN","GSE13355"
"GSE13355|GSM337238",-43.0528312393976,-43.8716320864557,-14.8486057607356,"NN","GSE13355"
"GSE13355|GSM337239",-18.5564880467379,-39.7877370174731,3.91563896279302,"NN","GSE13355"
"GSE13355|GSM337240",-52.355768970859,-33.4886611323243,-37.629994581285,"NN","GSE13355"
"GSE13355|GSM337241",-37.8473929799899,-43.5605987650478,24.0987940610008,"NN","GSE13355"
"GSE13355|GSM337242",-36.7345744352334,-39.4387921765082,-14.0611895367239,"NN","GSE13355"
"GSE13355|GSM337243",-66.8726483447832,-8.94296181733603,-67.1884051490948,"NN","GSE13355"
"GSE13355|GSM337244",-47.8411244206408,-38.2660763930398,-3.52359725694214,"NN","GSE13355"
"GSE13355|GSM337245",-44.0102326350741,-36.6810499623571,-4.20277537501524,"NN","GSE13355"
"GSE13355|GSM337246",-42.561850922531,-44.1323287566795,7.92888142954934,"NN","GSE13355"
"GSE13355|GSM337247",-47.5587852680121,-10.9566325076136,-44.8117014137849,"NN","GSE13355"
"GSE13355|GSM337248",-59.3904396152344,-11.7733706861659,-59.9355672800692,"NN","GSE13355"
"GSE13355|GSM337249",-36.9960110708605,-37.3682117968885,10.3995783229285,"NN","GSE13355"
"GSE13355|GSM337250",-80.7473735541608,-7.31552517736767,-59.8082122129503,"NN","GSE13355"
"GSE13355|GSM337251",-47.4088884828793,-38.5775556417434,0.962435722025335,"NN","GSE13355"
"GSE13355|GSM337252",-53.3261914538395,-37.5936675566755,-20.4847960644018,"NN","GSE13355"
"GSE13355|GSM337253",-42.0714492784667,-17.6858455499983,-22.3856468899318,"NN","GSE13355"
"GSE13355|GSM337254",-43.304789380773,-30.5748739677883,-17.4635847345724,"NN","GSE13355"
"GSE13355|GSM337255",-40.7370919768845,-37.3914523172564,-0.822454763701384,"NN","GSE13355"
"GSE13355|GSM337256",-39.43422640691,-36.2379501568257,-11.2856658877056,"NN","GSE13355"
"GSE13355|GSM337257",-54.7475176732713,-34.1948540645464,-22.7016169135767,"NN","GSE13355"
"GSE13355|GSM337258",-38.5970549678915,-36.0730868726356,-3.15924440602545,"NN","GSE13355"
"GSE13355|GSM337259",-36.8425777488889,-33.0767678645525,12.2979570561145,"NN","GSE13355"
"GSE13355|GSM337260",-58.7356846017602,-31.6116364422533,-30.4930224166186,"NN","GSE13355"
"GSE13355|GSM337319",81.8737725870835,-2.17560685280002,43.3139246201389,"PP","GSE13355"
"GSE13355|GSM337320",48.0739545314631,-4.6989221334245,-3.63648686300969,"PP","GSE13355"
"GSE13355|GSM337321",70.5757701722251,-14.8314611147211,39.2817576555111,"PP","GSE13355"
"GSE13355|GSM337322",58.9646660503436,1.29951349626081,2.11725746432696,"PP","GSE13355"
"GSE13355|GSM337323",40.9657014268881,-0.0863185266868181,45.7283495895689,"PP","GSE13355"
"GSE13355|GSM337324",71.6270161452487,-0.862205050033562,39.7546214586821,"PP","GSE13355"
"GSE13355|GSM337325",60.8436010864711,-15.1316232614843,57.1729676465545,"PP","GSE13355"
"GSE13355|GSM337326",53.7374360421652,-11.0080648479436,69.4921359337063,"PP","GSE13355"
"GSE13355|GSM337327",39.1708594093273,-4.3248843013204,10.8066015574104,"PP","GSE13355"
"GSE13355|GSM337328",55.5694106659855,4.86216538024806,22.2959197115366,"PP","GSE13355"
"GSE13355|GSM337329",73.6697825656717,-14.4459555193223,55.9159689709696,"PP","GSE13355"
"GSE13355|GSM337330",52.7639689111656,-9.39072990017172,-21.4502415639942,"PP","GSE13355"
"GSE13355|GSM337331",67.4341384907267,-10.4128293522181,28.3531141651386,"PP","GSE13355"
"GSE13355|GSM337332",78.3576642785514,-4.36357420974272,42.5958082491838,"PP","GSE13355"
"GSE13355|GSM337333",72.2714183734269,-6.98343737742566,20.4521562537251,"PP","GSE13355"
"GSE13355|GSM337334",27.370778297602,-11.8678148321474,8.62647461962349,"PP","GSE13355"
"GSE13355|GSM337335",72.098861253531,-0.0964522658182861,-9.18761447821191,"PP","GSE13355"
"GSE13355|GSM337336",23.4286264103076,2.55016241331412,-31.801313681737,"PP","GSE13355"
"GSE13355|GSM337337",32.7672593185469,0.900305806287684,10.2775107971246,"PP","GSE13355"
"GSE13355|GSM337338",63.0291974997736,-5.84750801759762,-3.73576205560791,"PP","GSE13355"
"GSE13355|GSM337339",22.4421387308185,46.0584489294336,-27.4858071686161,"PP","GSE13355"
"GSE13355|GSM337340",12.4154924704517,42.0055030754296,-22.3825889274067,"PP","GSE13355"
"GSE13355|GSM337341",44.5623294077495,44.3606734403564,8.51162205376434,"PP","GSE13355"
"GSE13355|GSM337342",66.0837988521757,35.0234194524868,4.24306001678943,"PP","GSE13355"
"GSE13355|GSM337343",-1.04227609194828,39.8374868272198,-0.319822522939687,"PP","GSE13355"
"GSE13355|GSM337344",57.8539569147826,36.8599210728595,-13.6979274644792,"PP","GSE13355"
"GSE13355|GSM337345",39.4607214089303,40.8274943350499,-18.6385442668737,"PP","GSE13355"
"GSE13355|GSM337346",68.1054701858858,34.7689120171728,-10.1246549390035,"PP","GSE13355"
"GSE13355|GSM337347",77.1122888243933,36.627346155536,24.6634017096241,"PP","GSE13355"
"GSE13355|GSM337348",56.4478984525487,28.2768103051025,-0.0231606584617466,"PP","GSE13355"
"GSE13355|GSM337349",51.9446273185407,48.3242063629816,2.83861089525037,"PP","GSE13355"
"GSE13355|GSM337350",37.3516477842874,48.6434461030997,-22.9874211292863,"PP","GSE13355"
"GSE13355|GSM337351",42.5372036289956,55.6370091022191,-4.03005002659157,"PP","GSE13355"
"GSE13355|GSM337352",39.7828638664573,44.9493644812908,-23.6994539046778,"PP","GSE13355"
"GSE13355|GSM337353",41.9632823940038,37.7897207064965,-7.95334980829754,"PP","GSE13355"
"GSE13355|GSM337354",47.7092798381092,23.7822792801088,-16.4046557390139,"PP","GSE13355"
"GSE13355|GSM337355",20.2840752307453,36.396188392295,-30.4825944405835,"PP","GSE13355"
"GSE13355|GSM337356",66.5821391601775,23.966324455793,11.5876030527505,"PP","GSE13355"
"GSE13355|GSM337357",26.6059038194737,27.0490176714132,-0.395100769966391,"PP","GSE13355"
"GSE13355|GSM337358",62.8038462237282,-16.9278679851536,-30.9560350757304,"PP","GSE13355"
"GSE13355|GSM337359",7.8943163061315,-19.9792035846732,-49.5145785062524,"PP","GSE13355"
"GSE13355|GSM337360",51.9619508945718,-30.8187905408739,-18.6741791447892,"PP","GSE13355"
"GSE13355|GSM337361",17.3411340169377,-23.3122492577129,-28.0690653511313,"PP","GSE13355"
"GSE13355|GSM337362",18.1977929163125,-29.7847942504887,-13.3672497439769,"PP","GSE13355"
"GSE13355|GSM337363",47.8895498333411,-31.5509424393199,-4.26116558230518,"PP","GSE13355"
"GSE13355|GSM337364",13.4458596420704,-18.3981308928835,-39.3769976223806,"PP","GSE13355"
"GSE13355|GSM337365",53.8070266066058,-31.6969126041352,-1.04091357653578,"PP","GSE13355"
"GSE13355|GSM337366",35.1564775935372,-31.2041772721364,-31.9256443596737,"PP","GSE13355"
"GSE13355|GSM337367",62.1753707954659,-30.3660239674586,-7.15798739645093,"PP","GSE13355"
"GSE13355|GSM337368",21.8380548483997,-29.1485366476827,-3.31229352656612,"PP","GSE13355"
"GSE13355|GSM337369",16.9314256456267,-34.4280913948744,-22.5232059937627,"PP","GSE13355"
"GSE13355|GSM337370",73.931374538209,-19.4508672085821,-32.953516547134,"PP","GSE13355"
"GSE13355|GSM337371",43.2677031565712,7.10019850544804,-53.283276310769,"PP","GSE13355"
"GSE13355|GSM337372",54.6402436100688,-34.3572604924295,11.8835214519898,"PP","GSE13355"
"GSE13355|GSM337373",57.9285544903652,-25.8280264803819,-11.3525393807106,"PP","GSE13355"
"GSE13355|GSM337374",41.8000547050069,-22.6776178720491,-18.4030958236556,"PP","GSE13355"
"GSE13355|GSM337375",45.0919717482545,-32.8035804782758,-5.01000309126382,"PP","GSE13355"
"GSE13355|GSM337376",72.3450311573183,-32.0046310819161,-19.4432353483995,"PP","GSE13355"
"GSE14905|GSM372286",-55.589562417772,-14.9666019302621,-6.13158656807532,"NN","GSE14905"
"GSE14905|GSM372287",-65.4213165064445,9.71159295472914,12.9013733696358,"NN","GSE14905"
"GSE14905|GSM372288",-74.9654517133916,7.65301332242486,14.4940448354544,"NN","GSE14905"
"GSE14905|GSM372289",-77.40934429556,-1.31923505984503,0.481525350221503,"NN","GSE14905"
"GSE14905|GSM372290",-64.0708585666969,7.06142061920392,0.832410548820179,"NN","GSE14905"
"GSE14905|GSM372291",6.69314339071424,21.5788396849888,15.9186566500789,"NN","GSE14905"
"GSE14905|GSM372292",-51.1997465506077,15.6698013448872,-8.40366263809012,"NN","GSE14905"
"GSE14905|GSM372293",-33.9340358008181,15.3647378466241,9.44149646508371,"NN","GSE14905"
"GSE14905|GSM372294",-54.7833517023843,15.6767382554055,9.34411180236137,"NN","GSE14905"
"GSE14905|GSM372295",-39.0987498310947,29.2195254098975,11.259102195549,"NN","GSE14905"
"GSE14905|GSM372296",-64.6049409508992,18.8571185445322,-4.04149543953485,"NN","GSE14905"
"GSE14905|GSM372297",-56.6788017316957,19.0971441470623,-0.623252593273986,"NN","GSE14905"
"GSE14905|GSM372298",-58.013052346626,12.1781950401656,-9.30303234350064,"NN","GSE14905"
"GSE14905|GSM372299",-21.2972523198466,10.0765223574142,-11.3096089319407,"NN","GSE14905"
"GSE14905|GSM372300",-30.4962857459364,0.99911911433287,-5.11598924551606,"NN","GSE14905"
"GSE14905|GSM372301",-39.4148868385943,12.1287090065336,9.23345549261164,"NN","GSE14905"
"GSE14905|GSM372302",-50.0506909014171,12.632773653814,-1.33498273787766,"NN","GSE14905"
"GSE14905|GSM372303",-22.4402952415421,12.3825425168098,25.8138554482853,"NN","GSE14905"
"GSE14905|GSM372304",-57.7611028168051,7.96284864383941,2.5358374392668,"NN","GSE14905"
"GSE14905|GSM372305",-63.6856228631911,-20.0152022687064,12.9951363176475,"NN","GSE14905"
"GSE14905|GSM372306",-48.4666651984806,-24.4289427198269,12.8623000616986,"NN","GSE14905"
"GSE14905|GSM372308",3.96483085012601,-7.42412574721952,-4.32412223201917,"PP","GSE14905"
"GSE14905|GSM372310",10.0004092398851,-5.57471629921182,-13.5793090579093,"PP","GSE14905"
"GSE14905|GSM372312",3.58659121797164,4.48780142154927,13.3842050669112,"PP","GSE14905"
"GSE14905|GSM372314",0.318606941009398,-12.3689550796489,-15.8994335698569,"PP","GSE14905"
"GSE14905|GSM372316",49.7146276547443,-11.2337437562359,1.4642147936031,"PP","GSE14905"
"GSE14905|GSM372318",42.2964149073832,-1.82239480077029,-3.90643780951647,"PP","GSE14905"
"GSE14905|GSM372320",55.2736580043186,-5.80728833313594,13.9812799666367,"PP","GSE14905"
"GSE14905|GSM372322",49.5638891619666,-9.65435337747413,-8.74093391921919,"PP","GSE14905"
"GSE14905|GSM372324",16.1372817438024,-16.4400454821703,0.602207293834394,"PP","GSE14905"
"GSE14905|GSM372325",-1.5308291990898,-22.4786489569018,0.0704587568973417,"PP","GSE14905"
"GSE14905|GSM372327",45.7848754280618,-3.32183658960559,-7.90093573288668,"PP","GSE14905"
"GSE14905|GSM372329",44.3142962970963,-7.6591588598573,-9.66618206606265,"PP","GSE14905"
"GSE14905|GSM372331",7.32072582432184,-22.0795845840202,-11.7109866271647,"PP","GSE14905"
"GSE14905|GSM372333",-10.4409799774711,-19.7625070640373,1.91331547419766,"PP","GSE14905"
"GSE14905|GSM372334",51.9674044298771,-4.17694217540465,18.740123313339,"PP","GSE14905"
"GSE14905|GSM372336",32.6996544207875,-5.55493567760571,-15.7659203222845,"PP","GSE14905"
"GSE14905|GSM372338",73.8410315786121,3.37611941059586,19.5663965118137,"PP","GSE14905"
"GSE14905|GSM372340",61.3800162190654,-1.20482651048534,3.69282882388409,"PP","GSE14905"
"GSE14905|GSM372342",49.2231087215088,-0.3545698195263,-4.73804551533843,"PP","GSE14905"
"GSE14905|GSM372344",53.4028904175294,11.0506629458056,-7.52018503006907,"PP","GSE14905"
"GSE14905|GSM372346",47.4431566073746,-13.5310240789081,2.74340417046541,"PP","GSE14905"
"GSE14905|GSM372348",29.3845286447702,-2.9758236874274,-23.9299666500653,"PP","GSE14905"
"GSE14905|GSM372350",16.2877523923055,66.1481426528037,-10.7648544978203,"PP","GSE14905"
"GSE14905|GSM372352",-18.9866525826219,4.99308147428169,-6.39607709202388,"PP","GSE14905"
"GSE14905|GSM372354",49.9940917617942,-7.60424461624539,12.9517257973975,"PP","GSE14905"
"GSE14905|GSM372356",22.4729103066201,-14.1555092603305,-13.74558488575,"PP","GSE14905"
"GSE14905|GSM372358",41.8191887188711,-6.1377844663063,-23.5751793904432,"PP","GSE14905"
"GSE14905|GSM372360",40.5488393539801,-6.19846714647309,-13.2420562296743,"PP","GSE14905"
"GSE14905|GSM372362",48.3580332317874,-4.15476709911174,-1.85058812988636,"PP","GSE14905"
"GSE14905|GSM372364",30.5280099424332,-8.21864805976663,-14.8244935738693,"PP","GSE14905"
"GSE14905|GSM372365",15.7830432607862,-5.76679180507477,-2.99397368439774,"PP","GSE14905"
"GSE14905|GSM372366",47.6384008263173,-8.57864712959308,20.6741967970149,"PP","GSE14905"
"GSE14905|GSM372367",14.2830222518248,-23.4709619502038,-0.732394879257098,"PP","GSE14905"
"GSE78097|GSM2066635",29.8867743201958,10.8294834359677,-3.11519968816312,"PP","GSE78097"
"GSE78097|GSM2066636",26.0149117775423,2.9713461920893,10.5834222324236,"PP","GSE78097"
"GSE78097|GSM2066637",37.4815047979553,0.261367963392145,-8.81873560438434,"PP","GSE78097"
"GSE78097|GSM2066638",41.1644610949755,2.38740182095272,-10.261530675919,"PP","GSE78097"
"GSE78097|GSM2066639",23.4025685652954,14.7802416098695,9.9004486886159,"PP","GSE78097"
"GSE78097|GSM2066640",59.5438787086243,-6.60867062963933,23.7747830709303,"PP","GSE78097"
"GSE78097|GSM2066641",25.9342868370908,-8.23777369804313,-2.81493421823942,"PP","GSE78097"
"GSE78097|GSM2066642",28.7261003377592,7.51623311829731,-24.9331634446321,"PP","GSE78097"
"GSE78097|GSM2066643",10.8502585212111,0.562106216846169,-18.7320484376675,"PP","GSE78097"
"GSE78097|GSM2066644",37.2857176402045,-6.5003407834056,5.38871183167284,"PP","GSE78097"
"GSE78097|GSM2066645",22.2277097408779,-7.30124657043689,-6.08814490086503,"PP","GSE78097"
"GSE78097|GSM2066646",45.1828688508338,-5.41145865839743,16.3334645886941,"PP","GSE78097"
"GSE78097|GSM2066647",31.4236075719969,1.88294100855997,-4.00438021644631,"PP","GSE78097"
"GSE78097|GSM2066648",-0.312624224584251,2.4810025749037,-11.6945785809872,"PP","GSE78097"
"GSE78097|GSM2066649",-11.542271749387,6.43172919687354,-10.5300857031235,"PP","GSE78097"
"GSE78097|GSM2066650",-2.52799158164896,9.08072882067703,-19.793402352421,"PP","GSE78097"
"GSE78097|GSM2066651",-22.2944439782531,-5.96253620425639,-19.8213764339186,"PP","GSE78097"
"GSE78097|GSM2066652",11.1537769418626,5.11002730068377,-10.4133333456852,"PP","GSE78097"
"GSE78097|GSM2066653",4.99967592216808,6.75047398016311,-24.5025896539588,"PP","GSE78097"
"GSE78097|GSM2066654",1.09668929386249,1.96025927873586,-25.881459135907,"PP","GSE78097"
"GSE78097|GSM2066655",16.067927578692,0.369501663243163,-1.49524411300447,"PP","GSE78097"
"GSE78097|GSM2066656",26.4726222630235,-4.90728318522274,12.7757951901404,"PP","GSE78097"
"GSE78097|GSM2066657",9.77310825501394,-9.03310610170159,-4.51165993513937,"PP","GSE78097"
"GSE78097|GSM2066658",8.57197873672198,7.76702013838101,-12.4577762256453,"PP","GSE78097"
"GSE78097|GSM2066659",25.7299761495994,7.64196494864315,-15.8630997348255,"PP","GSE78097"
"GSE78097|GSM2066660",-2.88204150534676,-7.50127265162556,-14.6941545084388,"PP","GSE78097"
"GSE78097|GSM2066661",13.7944323424325,0.157646291418748,9.07650843044066,"PP","GSE78097"
"GSE78097|GSM2066662",-72.5573627334625,-10.5657387533835,19.5405149215239,"NN","GSE78097"
"GSE78097|GSM2066663",-90.3216368167771,1.94664748565993,10.7626354045516,"NN","GSE78097"
"GSE78097|GSM2066664",-85.6221938254996,-3.20528247133925,30.9995832393936,"NN","GSE78097"
"GSE78097|GSM2066665",-67.1152374667209,-8.26038171377342,27.4023316097731,"NN","GSE78097"
"GSE78097|GSM2066666",-93.0916060186611,-0.029984723461831,14.3713947657835,"NN","GSE78097"
"GSE78097|GSM2066667",-89.1186381722532,-5.78295083402302,57.0106580002973,"NN","GSE78097"
