PC1	PC2	Batch	Group
33.0123026132326	-45.4098988433747	GSE13355	NN
40.9186158108947	-43.3583296629637	GSE13355	NN
67.237031302948	-23.9917141981473	GSE13355	NN
65.3214774648818	-48.3460894231765	GSE13355	NN
77.7688845512159	-17.9494464887944	GSE13355	NN
38.2013694962614	-67.9558796120736	GSE13355	NN
24.2883150274397	-52.8901811203842	GSE13355	NN
50.5174997330146	-86.3118579060638	GSE13355	NN
33.8865059259539	-52.5535586341109	GSE13355	NN
64.867207228801	-57.5713384050788	GSE13355	NN
55.8647767841025	-33.1992906572637	GSE13355	NN
24.6767902564977	-62.6694225062301	GSE13355	NN
28.9958409775423	-62.7533833297733	GSE13355	NN
54.1212002186832	-31.1930784026556	GSE13355	NN
43.7702892405563	-40.4660937698795	GSE13355	NN
55.7634489947495	-42.7917174078527	GSE13355	NN
51.0817482378678	-24.8465223872849	GSE13355	NN
58.0834362411725	-50.8249800284531	GSE13355	NN
59.2129688231027	-21.2122228620887	GSE13355	NN
3.42108886119221	-65.1247040878577	GSE13355	NN
63.3540921933547	22.5847169156275	GSE13355	NN
70.925180445597	4.47211846573183	GSE13355	NN
72.2333702707259	42.6773610405658	GSE13355	NN
82.3267548533153	-6.46624832266362	GSE13355	NN
38.1722053269592	-27.3495513844225	GSE13355	NN
69.3618518227967	5.00208729849498	GSE13355	NN
34.8837137055548	-14.2757754499013	GSE13355	NN
71.4283784931756	-8.31499951995093	GSE13355	NN
70.8130717995232	4.91848743724979	GSE13355	NN
65.781914039437	20.5330428392784	GSE13355	NN
50.221420185984	-16.2475622437654	GSE13355	NN
37.917936165903	-29.6592850143626	GSE13355	NN
68.7253550582064	11.2623299923491	GSE13355	NN
61.9840905851437	21.4708732148828	GSE13355	NN
59.8463168763213	13.4339317443148	GSE13355	NN
73.1930314883237	13.3126519163077	GSE13355	NN
64.5344804103351	-20.1167105139881	GSE13355	NN
63.920024937337	-0.0738325237281533	GSE13355	NN
50.6285967904662	-31.1080179593518	GSE13355	NN
53.1760377920142	-20.109337634079	GSE13355	NN
76.7177106800055	-5.62506011324147	GSE13355	NN
66.8937181559	-10.6681397798601	GSE13355	NN
19.5134328253213	-13.48470612164	GSE13355	NN
98.0833142583577	53.8892865789239	GSE13355	NN
19.7250247992491	-92.4352396953879	GSE13355	NN
49.5996630716105	6.28794512730903	GSE13355	NN
133.34010313274	108.521122046481	GSE13355	NN
59.0132157620112	-29.1654488785576	GSE13355	NN
57.8043930212885	-27.0491677426844	GSE13355	NN
42.3764361515128	-67.8710303408921	GSE13355	NN
97.9806571460884	97.1660144193545	GSE13355	NN
119.210231655579	103.906944649139	GSE13355	NN
39.7299458587173	-36.8531821710685	GSE13355	NN
137.059355139935	70.759653806914	GSE13355	NN
57.8393022366753	-47.898298964176	GSE13355	NN
78.198502957316	-9.64392191345943	GSE13355	NN
57.6507993050372	23.3460362371721	GSE13355	NN
67.3617912472448	19.6441600584664	GSE13355	NN
48.8949361540102	-18.1269781559998	GSE13355	NN
59.7993247053118	17.9148976397258	GSE13355	NN
87.113978761103	2.51594578599586	GSE13355	NN
47.3367423422309	-15.5961480790043	GSE13355	NN
34.8364570337597	-50.7367879996405	GSE13355	NN
93.5144724643786	19.8111159109975	GSE13355	NN
-119.975853126646	-55.6807213216546	GSE13355	PP
-34.066041237779	23.4042220869592	GSE13355	PP
-99.1776962084085	-70.1678437831751	GSE13355	PP
-51.4875347366892	15.8755829211333	GSE13355	PP
-65.6846435795952	-77.778742134239	GSE13355	PP
-110.531667418929	-56.4984848957515	GSE13355	PP
-110.45868907562	-119.6998743419	GSE13355	PP
-105.057398449033	-133.562080191267	GSE13355	PP
-44.1722631569018	-22.0522362785514	GSE13355	PP
-77.7110853199342	-32.6852802666845	GSE13355	PP
-122.123553483149	-105.281900033584	GSE13355	PP
-24.5780902746983	67.0245431726721	GSE13355	PP
-96.1637901272176	-46.9604595249676	GSE13355	PP
-127.175257513856	-60.1872175321439	GSE13355	PP
-84.1273217475952	-3.55664412882819	GSE13355	PP
-26.3580356865091	-26.693979123039	GSE13355	PP
-62.1353936753393	37.6600760380266	GSE13355	PP
18.9932013991666	84.3017814321186	GSE13355	PP
-35.3383656805292	-27.4479393657478	GSE13355	PP
-56.7054175580079	37.1388157383108	GSE13355	PP
0.558295266371358	53.6013794830771	GSE13355	PP
14.0351916667564	55.397930299003	GSE13355	PP
-55.6173939251319	-4.19896292996042	GSE13355	PP
-83.8238705245964	2.36081775004245	GSE13355	PP
10.8220370121599	-23.2334201738717	GSE13355	PP
-55.4776523050301	50.9035635679634	GSE13355	PP
-19.9966391371665	50.3367542859324	GSE13355	PP
-77.8448637247873	40.4979363114799	GSE13355	PP
-113.034539849131	-15.1709309163416	GSE13355	PP
-65.2880462729361	-7.77521492333239	GSE13355	PP
-54.9172707505022	21.4934814508904	GSE13355	PP
-24.4576758983009	51.7083354924323	GSE13355	PP
-40.366063642983	20.8255940905102	GSE13355	PP
-20.8662831890371	48.8248346493167	GSE13355	PP
-30.9357688602182	19.0764547949174	GSE13355	PP
-37.3078300547171	36.6855240711957	GSE13355	PP
12.4888236385484	60.142901074825	GSE13355	PP
-87.1842912294018	-5.80215234993358	GSE13355	PP
-17.1194355724648	1.12752928618598	GSE13355	PP
-51.2280074119053	68.8355680618175	GSE13355	PP
40.9344423062303	75.1249292102829	GSE13355	PP
-36.5079585564819	37.5748432789918	GSE13355	PP
13.2727005880891	26.8605681692687	GSE13355	PP
3.1185692743028	17.4059012060576	GSE13355	PP
-46.9156227239422	-0.806754780738073	GSE13355	PP
18.8395026423018	66.9605489073687	GSE13355	PP
-49.1484457024634	0.729868383436982	GSE13355	PP
-4.97288529580472	44.9882829006359	GSE13355	PP
-64.8462608809325	6.8358743725319	GSE13355	PP
-13.3596103398765	-20.1503935218074	GSE13355	PP
8.5619467276777	27.4076583107805	GSE13355	PP
-58.6461207768038	73.4160228866739	GSE13355	PP
-6.62368380348164	110.819133678654	GSE13355	PP
-68.000273136387	-56.0452665685485	GSE13355	PP
-42.646094415977	20.9599515770397	GSE13355	PP
-25.6130741561683	37.125702138884	GSE13355	PP
-45.2771694118859	-5.09818322384603	GSE13355	PP
-66.9786613928922	47.8533720435551	GSE13355	PP
63.8927409676701	-4.25917530995733	GSE14905	NN
66.3081604279827	-50.1117299965124	GSE14905	NN
74.6258724552046	-63.8813661019407	GSE14905	NN
82.4814364971016	-36.1921546703439	GSE14905	NN
79.6868013386382	-3.80007550685542	GSE14905	NN
-13.8780921573727	-41.1660456251627	GSE14905	NN
81.5080024350527	23.6330889174864	GSE14905	NN
52.5929883708405	9.64038656709095	GSE14905	NN
62.7414731923324	-44.6596627097774	GSE14905	NN
39.942444759835	-24.2295839202966	GSE14905	NN
91.6975646600007	8.47359767933965	GSE14905	NN
83.137421898275	-8.04453000115661	GSE14905	NN
84.1937897275336	1.55222922623769	GSE14905	NN
45.3055538427376	31.3849856252568	GSE14905	NN
54.4175670248561	32.0807548108562	GSE14905	NN
49.4122536252392	-16.8832617816157	GSE14905	NN
70.7248108022336	3.76765613811092	GSE14905	NN
13.0382294750901	-54.7326263637143	GSE14905	NN
74.4722843539733	-25.3312639096483	GSE14905	NN
60.5537668117775	-53.866119849342	GSE14905	NN
43.958966673438	-34.691554129419	GSE14905	NN
-8.46281967478638	8.92286718716667	GSE14905	PP
-7.94029671191306	33.359307960743	GSE14905	PP
-26.1008359141523	-39.8979386272317	GSE14905	PP
-3.31605710907093	31.7952642348057	GSE14905	PP
-76.9822918337127	-3.74533100514396	GSE14905	PP
-61.7995563372154	27.7993319229533	GSE14905	PP
-89.1261746454207	4.94587183941046	GSE14905	PP
-65.5121788638211	28.8060520048105	GSE14905	PP
-33.8132889072793	-1.75746465610516	GSE14905	PP
-11.8411332976504	-5.31504000427888	GSE14905	PP
-58.1504395823842	32.6015849900646	GSE14905	PP
-56.428108116051	17.827124765622	GSE14905	PP
-15.9728314021112	-15.3023691051425	GSE14905	PP
-8.10481098276801	4.68690743439437	GSE14905	PP
-87.6678624716041	-13.765097764923	GSE14905	PP
-43.1530878325644	23.3341224232835	GSE14905	PP
-110.90581373076	-4.52504559392291	GSE14905	PP
-90.5143158304696	9.00949827428028	GSE14905	PP
-64.571609222248	17.483800656991	GSE14905	PP
-63.3430034914155	33.3251418837391	GSE14905	PP
-73.0329807002283	-1.49420189510599	GSE14905	PP
-32.7572840361275	37.7010101842129	GSE14905	PP
-19.9282033699187	7.37602600963846	GSE14905	PP
19.7429433486103	11.4574808460891	GSE14905	PP
-76.8486406802819	2.26222115011333	GSE14905	PP
-21.9840665196283	37.6813864605761	GSE14905	PP
-44.5085868421161	49.6985639058068	GSE14905	PP
-46.0961216013853	37.3406233463636	GSE14905	PP
-64.52654265425	21.72009710392	GSE14905	PP
-32.4757223142344	49.1520649029653	GSE14905	PP
-22.2539020605928	18.4341476873631	GSE14905	PP
-85.5824298988664	-27.0285889319485	GSE14905	PP
-31.4007473143866	13.6026965799653	GSE14905	PP
-56.8251723407833	25.1940310679663	GSE78097	PP
-66.1630390325363	0.853608879421466	GSE78097	PP
-69.3764311715509	39.3918880756847	GSE78097	PP
-71.0515851182269	32.0877381572586	GSE78097	PP
-62.3229408353395	9.54725930551574	GSE78097	PP
-118.292576933556	-7.57570636040078	GSE78097	PP
-59.567915508337	15.7492403729206	GSE78097	PP
-34.5983008418937	64.3913873444222	GSE78097	PP
-23.0882791276175	55.2513570849526	GSE78097	PP
-80.2683474896044	2.12946274449419	GSE78097	PP
-47.3208155510802	29.4269251949771	GSE78097	PP
-93.9460603447235	-6.92427460533145	GSE78097	PP
-60.9682671830061	20.3049407624712	GSE78097	PP
-11.8850283625024	35.0514693747784	GSE78097	PP
10.3675195954789	33.8610038122348	GSE78097	PP
-0.0498877701148429	49.6402564771161	GSE78097	PP
16.3761586703674	18.8713562000842	GSE78097	PP
-35.1893108627022	15.397197228986	GSE78097	PP
-5.25783392558777	61.2875704169459	GSE78097	PP
-2.65608946706204	41.9521843285694	GSE78097	PP
-38.2144302219825	13.1089181400731	GSE78097	PP
-68.8404737381373	-3.07674978387631	GSE78097	PP
-36.8334409146368	-4.78283254406163	GSE78097	PP
-22.3086735580377	28.335466794512	GSE78097	PP
-43.3812590191324	43.7729284063987	GSE78097	PP
-9.23301573847131	16.220677092198	GSE78097	PP
-44.9592453057912	9.55077162056963	GSE78097	PP
36.1679673932447	-34.8438928392189	GSE78097	NN
75.1688238886395	-19.6274052901804	GSE78097	NN
37.0093669845099	-80.7887055556202	GSE78097	NN
15.8211207440127	-59.1227919153756	GSE78097	NN
67.9614560697813	-32.7791571943654	GSE78097	NN
30.6435210150126	-125.918971737239	GSE78097	NN
