sample	group	batch
GSM337197.CEL.gz	NN	GSE13355
GSM337198.CEL.gz	NN	GSE13355
GSM337199.CEL.gz	NN	GSE13355
GSM337200.CEL.gz	NN	GSE13355
GSM337201.CEL.gz	NN	GSE13355
GSM337202.CEL.gz	NN	GSE13355
GSM337203.CEL.gz	NN	GSE13355
GSM337204.CEL.gz	NN	GSE13355
GSM337205.CEL.gz	NN	GSE13355
GSM337206.CEL.gz	NN	GSE13355
GSM337207.CEL.gz	NN	GSE13355
GSM337208.CEL.gz	NN	GSE13355
GSM337209.CEL.gz	NN	GSE13355
GSM337210.CEL.gz	NN	GSE13355
GSM337211.CEL.gz	NN	GSE13355
GSM337212.CEL.gz	NN	GSE13355
GSM337213.CEL.gz	NN	GSE13355
GSM337214.CEL.gz	NN	GSE13355
GSM337215.CEL.gz	NN	GSE13355
GSM337216.CEL.gz	NN	GSE13355
GSM337217.CEL.gz	NN	GSE13355
GSM337218.CEL.gz	NN	GSE13355
GSM337219.CEL.gz	NN	GSE13355
GSM337220.CEL.gz	NN	GSE13355
GSM337221.CEL.gz	NN	GSE13355
GSM337222.CEL.gz	NN	GSE13355
GSM337223.CEL.gz	NN	GSE13355
GSM337224.CEL.gz	NN	GSE13355
GSM337225.CEL.gz	NN	GSE13355
GSM337226.CEL.gz	NN	GSE13355
GSM337227.CEL.gz	NN	GSE13355
GSM337228.CEL.gz	NN	GSE13355
GSM337229.CEL.gz	NN	GSE13355
GSM337230.CEL.gz	NN	GSE13355
GSM337231.CEL.gz	NN	GSE13355
GSM337232.CEL.gz	NN	GSE13355
GSM337233.CEL.gz	NN	GSE13355
GSM337234.CEL.gz	NN	GSE13355
GSM337235.CEL.gz	NN	GSE13355
GSM337236.CEL.gz	NN	GSE13355
GSM337237.CEL.gz	NN	GSE13355
GSM337238.CEL.gz	NN	GSE13355
GSM337239.CEL.gz	NN	GSE13355
GSM337240.CEL.gz	NN	GSE13355
GSM337241.CEL.gz	NN	GSE13355
GSM337242.CEL.gz	NN	GSE13355
GSM337243.CEL.gz	NN	GSE13355
GSM337244.CEL.gz	NN	GSE13355
GSM337245.CEL.gz	NN	GSE13355
GSM337246.CEL.gz	NN	GSE13355
GSM337247.CEL.gz	NN	GSE13355
GSM337248.CEL.gz	NN	GSE13355
GSM337249.CEL.gz	NN	GSE13355
GSM337250.CEL.gz	NN	GSE13355
GSM337251.CEL.gz	NN	GSE13355
GSM337252.CEL.gz	NN	GSE13355
GSM337253.CEL.gz	NN	GSE13355
GSM337254.CEL.gz	NN	GSE13355
GSM337255.CEL.gz	NN	GSE13355
GSM337256.CEL.gz	NN	GSE13355
GSM337257.CEL.gz	NN	GSE13355
GSM337258.CEL.gz	NN	GSE13355
GSM337259.CEL.gz	NN	GSE13355
GSM337260.CEL.gz	NN	GSE13355
GSM337319.CEL.gz	PP	GSE13355
GSM337320.CEL.gz	PP	GSE13355
GSM337321.CEL.gz	PP	GSE13355
GSM337322.CEL.gz	PP	GSE13355
GSM337323.CEL.gz	PP	GSE13355
GSM337324.CEL.gz	PP	GSE13355
GSM337325.CEL.gz	PP	GSE13355
GSM337326.CEL.gz	PP	GSE13355
GSM337327.CEL.gz	PP	GSE13355
GSM337328.CEL.gz	PP	GSE13355
GSM337329.CEL.gz	PP	GSE13355
GSM337330.CEL.gz	PP	GSE13355
GSM337331.CEL.gz	PP	GSE13355
GSM337332.CEL.gz	PP	GSE13355
GSM337333.CEL.gz	PP	GSE13355
GSM337334.CEL.gz	PP	GSE13355
GSM337335.CEL.gz	PP	GSE13355
GSM337336.CEL.gz	PP	GSE13355
GSM337337.CEL.gz	PP	GSE13355
GSM337338.CEL.gz	PP	GSE13355
GSM337339.CEL.gz	PP	GSE13355
GSM337340.CEL.gz	PP	GSE13355
GSM337341.CEL.gz	PP	GSE13355
GSM337342.CEL.gz	PP	GSE13355
GSM337343.CEL.gz	PP	GSE13355
GSM337344.CEL.gz	PP	GSE13355
GSM337345.CEL.gz	PP	GSE13355
GSM337346.CEL.gz	PP	GSE13355
GSM337347.CEL.gz	PP	GSE13355
GSM337348.CEL.gz	PP	GSE13355
GSM337349.CEL.gz	PP	GSE13355
GSM337350.CEL.gz	PP	GSE13355
GSM337351.CEL.gz	PP	GSE13355
GSM337352.CEL.gz	PP	GSE13355
GSM337353.CEL.gz	PP	GSE13355
GSM337354.CEL.gz	PP	GSE13355
GSM337355.CEL.gz	PP	GSE13355
GSM337356.CEL.gz	PP	GSE13355
GSM337357.CEL.gz	PP	GSE13355
GSM337358.CEL.gz	PP	GSE13355
GSM337359.CEL.gz	PP	GSE13355
GSM337360.CEL.gz	PP	GSE13355
GSM337361.CEL.gz	PP	GSE13355
GSM337362.CEL.gz	PP	GSE13355
GSM337363.CEL.gz	PP	GSE13355
GSM337364.CEL.gz	PP	GSE13355
GSM337365.CEL.gz	PP	GSE13355
GSM337366.CEL.gz	PP	GSE13355
GSM337367.CEL.gz	PP	GSE13355
GSM337368.CEL.gz	PP	GSE13355
GSM337369.CEL.gz	PP	GSE13355
GSM337370.CEL.gz	PP	GSE13355
GSM337371.CEL.gz	PP	GSE13355
GSM337372.CEL.gz	PP	GSE13355
GSM337373.CEL.gz	PP	GSE13355
GSM337374.CEL.gz	PP	GSE13355
GSM337375.CEL.gz	PP	GSE13355
GSM337376.CEL.gz	PP	GSE13355
GSM372286.CEL.gz	NN	GSE14905
GSM372287.CEL.gz	NN	GSE14905
GSM372288.CEL.gz	NN	GSE14905
GSM372289.CEL.gz	NN	GSE14905
GSM372290.CEL.gz	NN	GSE14905
GSM372291.CEL.gz	NN	GSE14905
GSM372292.CEL.gz	NN	GSE14905
GSM372293.CEL.gz	NN	GSE14905
GSM372294.CEL.gz	NN	GSE14905
GSM372295.CEL.gz	NN	GSE14905
GSM372296.CEL.gz	NN	GSE14905
GSM372297.CEL.gz	NN	GSE14905
GSM372298.CEL.gz	NN	GSE14905
GSM372299.CEL.gz	NN	GSE14905
GSM372300.CEL.gz	NN	GSE14905
GSM372301.CEL.gz	NN	GSE14905
GSM372302.CEL.gz	NN	GSE14905
GSM372303.CEL.gz	NN	GSE14905
GSM372304.CEL.gz	NN	GSE14905
GSM372305.CEL.gz	NN	GSE14905
GSM372306.CEL.gz	NN	GSE14905
GSM372308.CEL.gz	PP	GSE14905
GSM372310.CEL.gz	PP	GSE14905
GSM372312.CEL.gz	PP	GSE14905
GSM372314.CEL.gz	PP	GSE14905
GSM372316.CEL.gz	PP	GSE14905
GSM372318.CEL.gz	PP	GSE14905
GSM372320.CEL.gz	PP	GSE14905
GSM372322.CEL.gz	PP	GSE14905
GSM372324.CEL.gz	PP	GSE14905
GSM372325.CEL.gz	PP	GSE14905
GSM372327.CEL.gz	PP	GSE14905
GSM372329.CEL.gz	PP	GSE14905
GSM372331.CEL.gz	PP	GSE14905
GSM372333.CEL.gz	PP	GSE14905
GSM372334.CEL.gz	PP	GSE14905
GSM372336.CEL.gz	PP	GSE14905
GSM372338.CEL.gz	PP	GSE14905
GSM372340.CEL.gz	PP	GSE14905
GSM372342.CEL.gz	PP	GSE14905
GSM372344.CEL.gz	PP	GSE14905
GSM372346.CEL.gz	PP	GSE14905
GSM372348.CEL.gz	PP	GSE14905
GSM372350.CEL.gz	PP	GSE14905
GSM372352.CEL.gz	PP	GSE14905
GSM372354.CEL.gz	PP	GSE14905
GSM372356.CEL.gz	PP	GSE14905
GSM372358.CEL.gz	PP	GSE14905
GSM372360.CEL.gz	PP	GSE14905
GSM372362.CEL.gz	PP	GSE14905
GSM372364.CEL.gz	PP	GSE14905
GSM372365.CEL.gz	PP	GSE14905
GSM372366.CEL.gz	PP	GSE14905
GSM372367.CEL.gz	PP	GSE14905
GSM2066635_1_HGU133plus2.0_Jaehwan_08112015_HG-U133_Plus_2_.CEL.gz	PP	GSE78097
GSM2066636_2_HGU133plus2.0_Jaehwan_08112015_HG-U133_Plus_2_.CEL.gz	PP	GSE78097
GSM2066637_3_HGU133plus2.0_Jaehwan_08112015_HG-U133_Plus_2_.CEL.gz	PP	GSE78097
GSM2066638_4_HGU133plus2.0_Jaehwan_08112015_HG-U133_Plus_2_.CEL.gz	PP	GSE78097
GSM2066639_5_HGU133plus2.0_Jaehwan_08112015_HG-U133_Plus_2_.CEL.gz	PP	GSE78097
GSM2066640_6_HGU133plus2.0_Jaehwan_08112015_HG-U133_Plus_2_.CEL.gz	PP	GSE78097
GSM2066641_7_HGU133plus2.0_Jaehwan_08112015_HG-U133_Plus_2_.CEL.gz	PP	GSE78097
GSM2066642_8_HGU133plus2.0_Jaehwan_08112015_HG-U133_Plus_2_.CEL.gz	PP	GSE78097
GSM2066643_9_HGU133plus2.0_Jaehwan_08112015_HG-U133_Plus_2_.CEL.gz	PP	GSE78097
GSM2066644_10_HGU133plus2.0_Jaehwan_08112015_HG-U133_Plus_2_.CEL.gz	PP	GSE78097
GSM2066645_11_HGU133plus2.0_Jaehwan_08112015_HG-U133_Plus_2_.CEL.gz	PP	GSE78097
GSM2066646_12_HGU133plus2.0_Jaehwan_08112015_HG-U133_Plus_2_.CEL.gz	PP	GSE78097
GSM2066647_13_HGU133plus2.0_Jaehwan_08112015_HG-U133_Plus_2_.CEL.gz	PP	GSE78097
GSM2066648_14_HGU133plus2.0_Jaehwan_08112015_HG-U133_Plus_2_.CEL.gz	PP	GSE78097
GSM2066649_15_HGU133plus2.0_Jaehwan_08112015_HG-U133_Plus_2_.CEL.gz	PP	GSE78097
GSM2066650_16_HGU133plus2.0_Jaehwan_08112015_HG-U133_Plus_2_.CEL.gz	PP	GSE78097
GSM2066651_17_HGU133plus2.0_Jaehwan_08112015_HG-U133_Plus_2_.CEL.gz	PP	GSE78097
GSM2066652_18_HGU133plus2.0_Jaehwan_08112015_HG-U133_Plus_2_.CEL.gz	PP	GSE78097
GSM2066653_19_HGU133plus2.0_Jaehwan_08112015_HG-U133_Plus_2_.CEL.gz	PP	GSE78097
GSM2066654_20_HGU133plus2.0_Jaehwan_08112015_HG-U133_Plus_2_.CEL.gz	PP	GSE78097
GSM2066655_21_HGU133plus2.0_Taehwan_08142015_HG-U133_Plus_2_.CEL.gz	PP	GSE78097
GSM2066656_22_HGU133plus2.0_Taehwan_08142015_HG-U133_Plus_2_.CEL.gz	PP	GSE78097
GSM2066657_23_HGU133plus2.0_Taehwan_08142015_HG-U133_Plus_2_.CEL.gz	PP	GSE78097
GSM2066658_24_HGU133plus2.0_Taehwan_08142015_HG-U133_Plus_2_.CEL.gz	PP	GSE78097
GSM2066659_25_HGU133plus2.0_Taehwan_08142015_HG-U133_Plus_2_.CEL.gz	PP	GSE78097
GSM2066660_26_HGU133plus2.0_Taehwan_08142015_HG-U133_Plus_2_.CEL.gz	PP	GSE78097
GSM2066661_27_HGU133plus2.0_Taehwan_08142015_HG-U133_Plus_2_.CEL.gz	PP	GSE78097
GSM2066662_29_HGU133plus2.0_Taehwan_08142015_HG-U133_Plus_2_.CEL.gz	NN	GSE78097
GSM2066663_30_HGU133plus2.0_Taehwan_08142015_HG-U133_Plus_2_.CEL.gz	NN	GSE78097
GSM2066664_32_HGU133plus2.0_Taehwan_08142015_HG-U133_Plus_2_.CEL.gz	NN	GSE78097
GSM2066665_34_HGU133plus2.0_Taehwan_08142015_HG-U133_Plus_2_.CEL.gz	NN	GSE78097
GSM2066666_35_HGU133plus2.0_Taehwan_08142015_HG-U133_Plus_2_.CEL.gz	NN	GSE78097
GSM2066667_37_HGU133plus2.0_Taehwan_08142015_HG-U133_Plus_2_.CEL.gz	NN	GSE78097
